STK_CD,CMP_NM,TRD_DT,CLOSE_PRC,PRE_CLOSE_PRC,HIGH_PRC,PRC_RTN,HIGH_PRC_RTN,RPT_ID,ANL_DT,RPT_TXT,RPT_TXT_LEN,BRK_NM_KOR,BRK_TARGET_PRC,BRK_TARGET_PRC_DT,BRK_PREV_TARGET_PRC,RECOM_TYP_DT,RECOM_TYP_AVG,RECOM_TYP_MAX,RECOM_TYP_MIN,RECOM_TYP_MID,TARGET_PRC_AVG,TARGET_PRC_AVG_3_MONTHS_BEFORE,TARGET_PRC_MAX,TARGET_PRC_MIN,TARGET_PRC_MID,TARGET_PRC_DIFF,TARGET_PRC_CHG,TARGET_PRC_DT,RECOM_TYP_CNT,TARGET_PRC_CNT,TARGET_PRC_UP_1W,TARGET_PRC_DOWN_1W,TARGET_PRC_HOLD_1W,TARGET_PRC_NEW_1W,TARGET_PRC_UP_DOWN_1W
12450,한화에어로스페이스,2024-07-29,322500,298500,324000,0.0804,0.085427136,956499,2024-08-08,"<b>BUY (유지) </b><b>한화에어로스페이스 (012450) </b><b>NDR review : 의심에서 확신으로 </b><b>화두는 수익성과 수주 </b>고속 주행 시 브레이크 페달에 발을 올리듯 가파른 성장 시에는 리스크를 체크한다. 이번 NDR의 화두 역시 ‘수익성’과 ‘추가 수주’에 대한 우려였다. 그리고 NDR이 종료된 현 시점에서, 실적 발표 직후 품었던 의심은 향후 실적에 대한 확신으로 변하는 중이다. 한화에어로스페이스의 2Q24 전사 영업이익률은 12.9%로 크게 개선됐다. 특히 주목할 점은 지상방산 부문의 영업이익률이다. 부문 OPM 19.6%로 YoY +15.9%p, QoQ +20.2%p 개선됐는데, 내수 마진을 10%로 가정할 때 수출 마진은 약 27%에 달하는 수치다. 통상 수출 마진을 10% 중반 예상했던 점 감안할 때 큰 폭의 서프라이즈였으며, 이에 따라 2분기 수준의 수익성 지속 가능 여부에 대한 의심이 뒤따랐다. 2024년 하반기, 그리고 2025년 이후에도 수익성은 견조하게 유지될 것으로 판단한다. 국가별/제품별 수익성이 다르지만 Mix 변화 고려하더라도 수출 마진은 20% 이상 수준에서 유지 가능할 전망이다. 특히, 2024년 이후 점진적 수출 비중 상승 과정에서(수주잔고 내 수출 비중 약 70% 수준) 부문 OPM 역시 동반 상승할 것으로 판단한다. 실적 성장의 제 1 변수는 수주다. 최근 5년간 수주 잔고가 가파르게 증가해 온 만큼, 향후 대규모 수주 통해 수주 잔고의 성장세를 유지할 수 있는지의 여부 역시 중요하다. 눈높이를 폴란드에 둔다면, 수주 모멘텀은 강하지 않을 것으로 예상한다. 다만, 이번 폴란드 수주는 예외적인 케이스로 봄이 마땅하다고 판단한다. 러-우 전쟁에 기초한 폴란드의 정치적 상황 고려할 때 지속 가능한 수주 케이스는 아니다. 이제부터는 수주 잔고 레벨의 유지 여부를 수주 Factor로 삼는 것이 적절하다. 5년치의 일감이 쌓여 있는 만큼 수주 잔고의 증가보다는 지속적인 수주를 통한 수주 잔고 유지가 더욱 중요한 단계에 접어들었다고 판단하며, 국내 수주가 일정 수준 유지되는 점 감안할 때 지상 방산 부문의 연간 매출액 4~6조원 규모의 신규 수주는 가능할 전망이다. 즉 수주 잔고 레벨 유지 가능할 것으로 예상한다. K9 자주포, 천무의 수출 지속 추진되는 과정에서, 상대적으로 시장 관심 적었던 장갑차 수주 역시 기대 가능하다고 판단한다. <b>이익이 증가한다면 주가도 상승할 것 </b>의심은 걷혔다. 이에 따라 실적 추정치를 소폭 상향한다. 2024년 전사 영업이익은 기존 1조803억원(OPM 9.3%)에서 1조1,272억원(OPM 9.7%)으로, 2025년 전사 영업이익은 기존 1조2,890억원(OPM 9.8%)에서 1조4,332억원(OPM 10.9%)으로 상향한다. 이익 추정치 상향함에 따른 목표주가 재설정 불가피하다. 기존 부여했던 10%의 Multiple premium 제거했음에도 이익 증가 폭 확대됨에 따라 목표주가를 375,000원으로 추가 상향한다. 인적 분할 이벤트를 고려하더라도, 혹은 고려하지 않더라도 37~38만원 수준의 주가 산출 가능한 논거 갖춰졌다고 판단한다. ",NULL,하나증권,375000,2024-08-08,350000,2024-08-08,3.88235,4,3,4,334588.2353,258266.6667,380000,250000,350000,0.13999,0.01066,2024-08-08,17,17,2,0,15,0,2
9420,한올바이오파마,2024-08-07,35600,31900,36400,0.11599,0.141065831,956749,2024-08-08,,NULL,미래에셋증권,45000,2024-08-08,45000,2024-08-08,4,4,4,4,51000,45333.33333,65000,43000,46000,0.43662,0,2024-08-08,7,7,0,0,7,0,0
263750,펄어비스,2024-08-06,40800,37750,41800,0.08079,0.107284768,956759,2024-08-08,"<b>펄어비스</b><b>24.2Q 실적발표 컨퍼런스콜 내용정리</b><b>1) 펄어비스 측 Comment - 2Q24 사업현황 및 재무실적</b><b>&lt;사업현황&gt;</b>검은사막: 꾸준한 성과 이어가고 있음. 검은사막 중국 서비스, 프로젝트 Awakening 테스트 진행- 모바일: 신규 클래스 ‘아스케아’와 신규 서버 ‘오아시스’ 추가하며 나은 게임 플레이 환경 제공- 이브온라인: 신규 확장팩 ‘에퀴녹스’ 출시. 자신만의 함선을 만들 수 있는 툴을 제공해 샌드박스 경험 확대- 신규 서비스: 검은사막 중국 6월 판호 발급 이후 최근 기술테스트 진행. 신작 EVE Galaxy Conquest 2차 소프트런칭 진행<b>&lt;재무실적&gt;</b>- 매출액 818억원(-4.2% q-q), 영업이익 -58억원(적자전환)- IP: 검은사막 600억원(-10.2% q-q). 이브 216억원(+20.0% q-q)- 지역별: 아시아 26%, 북미/유럽 56%, 국내 18%- 플랫폼 비중: PC 75%, 모바일 21%, 콘솔 4%- 영업비용: 876억원(+3.2% q-q)- 인건비: 인건비 감소. 인원 1,331명. 개발자 759명. 전체 57% 수준- 광고선전비: 하이델 연회 진행으로 전분기대비 29.3% 증가<b>&lt;2024년 3분기 Highlight&gt;</b>-‘도사’ 클- 콘솔: 끝없는 겨울의 산 업데이트 진행. 차세대 기기 버전 개발- 모바일: 신규 클래스 ‘도사’ 출시. ‘아즈낙 전장’ 출시 예정- 검은사막(PC) 중국: 7월 대규모 기술 테스트 진행. 차이나조이 참석- 이브 Online: 얼라이언스 토너먼트 진행신규 IP: Project Awakening 2차 테스트 진행 예정. / 이브갤럭시콘퀘스트: 신규 서버와 컨텐츠 추가. 공식 출시 준비- 붉은사막: 하반기 다양한 게임쇼 출품. 게임스컴 B2C 시연. 높아진 기대를 충족시킬 수 있게 많은 노력 중<b>2) Q&A 정리</b><b>1. 검은사막 중국 차이나조이에서 유저 피드백과 출시 일정?</b>- 6월 판호 발급 이후 7월 중 기술테스트 진행. 차이나조이에 참가하며 마케팅 강도를 높임- 차이나조이 행사에서도 많은 유저들이 방문했고, 기대감 확인- 기술테스트를 어제자로 잘 마무리함에 따라 출시는 하반기 중 가능할 것. 중추절 이후 출시 기대<b>2. 2분기 EVE IP 매출 성장이 두드러지는데, 하반기 전망?</b>- EVE Online은 확장팩 에퀴녹스 출시로 양호한 매출 기록. 1년에 2번 정도 확장팩 출시를 계획하고 있으며 현재<b>3. 영업비용 효율화가 쉽지 않아 보이는데, 하반기 영업이익 전망?</b>비용을 효율적으로 쓰기 위한 노력을 지속. 머신러닝, AI 활용을 늘려 인건비를 줄이려고 노력 중- 그럼에도 불구하고 신작 준비 비용으로 인해서 영업이익은 적자가 나고 있는 상황. 오히려 신작 출시 이후 비용이크게 늘어나지는 않을 것<b>4. 붉은사막 개발 공정 수준? 게임스컴에서 유저들에게 공개할 범위?</b>- 최적화와 완성도를 높이며 개발 마무리 작업 진행 중. 게임스컴을 시작으로 마케팅 강도를 늘려 나갈 것. 게임스컴게임스컴 이후 국내 지스타에서 B2C 시연을 계획하고 있음붉은 사막은 오픈월드를 뛰어넘는 높은 자유도를 시현할 것. 몰입감 넘치는 스토리와 그래픽으로 완성도를 높일계획이며 AAA 게임에 걸맞은 성과 기대<b>5. 붉은사막 출시를 내년 여름 정도로 생각하면 되는지?</b>출시 일정의 가시성은 높아짐. 정확한 출시 일정은 하반기 중 마케팅을 진행하는 과정에서 소통할 것<b>6. 소니, 마이크로소프트, 텐센트와 같은 글로벌 대형 퍼블리셔와 계약 체결할 계획?</b>",NULL,NH투자증권,NULL,2024-08-08,50000,2024-08-08,3.76923,4,3,4,54153.84615,38250,72000,40000,56000,0.25211,0,2024-08-08,13,13,0,0,13,0,0
263750,펄어비스,2024-08-06,40800,37750,41800,0.08079,0.107284768,956776,2024-08-08,"<b>주요 지표 및 뉴스 </b><b>펄어비스 263750 </b><b>2Q24 실적 발표 </b><b>[재무실적] </b><b>◼ 매출 YoY +4.3%, QoQ -4.3% / 컨센서스 대비 -3.1% </b>1. 검은사막 YoY +6%, QoQ -10% - PC/콘솔: 10주년 하이델 연회 개최, 길드 전쟁 컨텐츠 거점전과 확정 강화 시스템 개편 - 모바일: ‘아스케아’ 클래스, 신규서버 ‘오아시스’ 출시 2. 이브 YoY +7%, QoQ +20% - 확장팩 ‘에퀴녹스’ 출시하며 안정적인 성과 - 뱅가드: 두번째 신규맵 ‘솔스티스’ 출시 지역별: 국내 18% / 아시아 26% / 북미유럽 56% 플랫폼별: PC 75% / 콘솔 4% / 모바일 21% <b>◼ 영업이익 YoY 적지, QoQ 적전 </b>1. 인건비 YoY -7.8%, QoQ -0.6% 2. 지급수수료 YoY +1.5%, QoQ +7.7% 3. 광고선전비 YoY -8.8%, QoQ +29.3%: 2분기 하이델연회 진행으로 QoQ 증가 <b>◼ 당기순이익 YoY 흑전, QoQ -28.7% </b><b>◼ 3분기 Highlight </b><b>1. 검은사막 </b>- PC: ‘아침의 나라 서울’ 8/7 국내 업데이트, 가을 중 글로벌 업데이트 예정. 7월 신규클래스 ‘도사’ 출시 - 콘솔: ‘끝없는 겨울의 산’ 업데이트, 차세대 기기 버전 개발 중 - 모바일: 7월 신규클래스 ‘도사’ 업데이트, 서바이벌 신규 컨텐츠 ‘아즈낙 전장’ 곧 출시 예정 - 검은사막 중국: 7월 대규모 기술 테스트 완료 <b>Q 검은사막 중국 차이나조이 참석했을 때 유저 피드백, 출시 일정 </b>◼ 차이나조이 참석 등 마케팅 강도 높여가는 중. 많은 유저 방문하며 많은 기대감 확인. 기술테스트 어제 마무리함에 따라 출시는 퍼블리셔가 발표한 바와 같이 하반기 중으로 가능할 것. 마지막 최적화 작업과 경쟁작 일정 고려해 중추절 이후에 최대한 빠르게 출시 목표 <b>이브 IP 성장 유지 가능한지 or 하향 안정화 </b>◼ 확장팩 에퀴녹스에 힘입어 좋은 실적 보였음. 연간 두번의 큰 확장팩 출시 계획. 매출의 등락은 있지만 200억 수준의 매출 유지하려고 노력 중. 뱅가드의 연계나 확장팩 통해 유저 베이스 올라간 부분 분명히 있기 때문에 매출 유지할 수 있도록 노력할 것 <b>영업 비용 추가적인 효율화 어려워 보이는데 하반기 영업이익 가이던스 </b>◼ 비용 효율화 노력 지속 중. 개발 부문에서는 AI 등 활용하면서 인건비 부담 낮추는 중. 라이브 서비스 관련해서도 AI 적용 및 서비스 내재화/외주 적극 활용해 비용 효율화 추구하고 있음 ◼ 회계 기준 상 신작 개발 비용 모두 자본화하지 못하고 비용 처리하고 있어 영업손실 기록 중. 신작 출시되고 매출 증가하더라도 비용 크게 증가하지 않을 것. 하반기부터 추가 매출 증가하면서 실적 개선 기대 <b>현재 붉은사막 공정 수준, 잔존 개발 범위, 게임스컴에서 유저에게 공개 예정 범위, 차별화 </b>◼ 최적화와 완성도 높이며 마무리 작업 단계. 개발 마무리됨에 따라 게임스컴 시작으로 본격적으로 마케팅 강도 높일 예정. 게임스컴에서는 약 30분 분량의 시연 빌드 준비 중. 올해는 1시간 분량의 영상 준비. 지스타에서도 시연 계획 중 ◼ 높은 자유도, 몰입감 높은 스토리와 그래픽으로 높은 완성도 위해 많은 노력 중. 트리플A 게임에 걸맞은 성과 기대 <b>붉은사막 출시 일정 내년 여름 정도로 예상하면 되는지 </b>◼ 출시 일정 가시성 높아진 단계. 게임스컴에서는 유저 마케팅에 집중할 계획. 자세한 일정은 하반기 중 마케팅 진행하는 과정에서 소통할 수 있을 것 ◼ PC 동시 출시 등 당사의 이익 최대한 고려하고 있는 만큼 직접 서비스하는 방향 고려 중. 지난 10년간 글로벌 전지역에서 검은사막 직접 서비스한 경험 있는 만큼 붉은사막도 성공적으로 서비스할 수 있을 것으로 예상 자료: 금융감독원 전자공시시스템, 펄어비스 ",NULL,메리츠증권,NULL,2024-08-08,40000,2024-08-08,3.76923,4,3,4,54153.84615,38250,72000,40000,56000,0.25211,0,2024-08-08,13,13,0,0,13,0,0
263750,펄어비스,2024-08-06,40800,37750,41800,0.08079,0.107284768,956797,2024-08-08,"<b>펄어비스 263750 </b><b>다가오는 모멘텀 vs. 펀더멘털 고민 </b>.  2분기 예상된 부진한 실적. 원화 약세/확장팩 고려하면 당사 기대 소폭 하회 .  컨콜 통해 &lt;붉은 사막&gt; 글로벌 퍼블리셔 통하지 않는 직접 서비스 계획 밝혀 .  타사 대비 낮은 개발자 비율, &lt;P의 거짓&gt;에서와 확인한 바와 같은 패키지 매출의 비연속성으로 PER 적용 부담 및 next에 대한 고민 커져 .  모멘텀 진입 구간이나 당사 적정주가는 &lt;붉은 사막&gt; 1천만장 판매를 반영한 수치 .  적정주가 상향 위해서는 중국의 의미 있는 실적 기여, 판매량 추정 상향이 필요 <b>2분기 원화 약세 고려하면 아쉬웠던 기존 IP 성과 </b>2분기 펄어비스의 연결 매출 및 영업이익은 각각 818억원(+4% YoY)과 -58억원으로 적자를 기록했다. 원화 약세와 확장팩 ‘에퀴녹스’ 출시로 이브 IP 매출은 200억원대로 올라섰으나 효과는 당사 기대치를 소폭 하회했다. 비용 특이사항은 없었고 관계기업 주식 처분 이익 63억원이 반영되며 지배순이익은 91억원으로 양호했다. <b>&lt;붉은 사막&gt; 모멘텀 높아지나 펀더멘털 고민은 깊어져 </b>동사는 &lt;붉은 사막&gt; 직접 서비스 계획을 밝혔다. 이 경우 유통 마진을 가져와 성공 시 높은 레버리지를 기대할 수 있으나 콘솔/PC 내 핵심적인 서구권 네트워킹이 부재해 마케팅 실패 위험이 존재한다. 하반기 마케팅을 통해 출시 일정 및 게임스컴 B2C 시연/영상 공개를 예고했다. 오랜 제작으로 내부적으로는 만족할 만한 퀄리티를 확보하는 데는 성공한 것으로 보이나 그 시간 동안 트렌드 또한 변해왔다. 자유도 측면에서 &lt;발더스 게이트3&gt;와 같은 게임 대비 후발주자이며 최근 한국 게임 내 서구권 주목도를 이끄는 ‘그래픽’적 요소가 반영되는지 지켜볼 사안이다. 모멘텀이 다가오는 점은 긍정적이나 펀더멘털에 대한 고민은 깊어간다. 잦은 개발자 퇴사로 인해 동사의 개발자 인력 비중은 57%(759명)까지 하락했다. 타사 비중인 70~90% 대비 크게 낮은 수치다. PER의 적용은 실적의 연속성을 전제한다. 반면 패키지 게임은 단발적 매출 발생으로 지속적 확장팩 출시가 없다면 2024년 실적으로 회귀할 가능성이 높다. 우리는 이미 &lt;P의 거짓&gt;을 통해 확인한 바 있다. 당사는 25/26년 1천만장을 가정, 상당한 성공을 이미 반영해 두었다. 추후 멀티 플레이 요소를 준비 중이나 동사의 제작 속도 감안 시 2027년 이후로 예상한다. 모멘텀 다가오며 등락 커지는 구간이나 현 적정주가 상향을 위해서는 중국의 의미 있는 실적 기여, 예상을 뛰어넘는 판매량에 대한 추가 근거가 필요하다. <b>펄어비스 (263750) </b>",NULL,메리츠증권,40000,2024-08-08,40000,2024-08-08,3.76923,4,3,4,54153.84615,38250,72000,40000,56000,0.25211,0,2024-08-08,13,13,0,0,13,0,0
69080,웹젠,2024-08-06,16780,15850,17160,0.05868,0.082649842,956519,2024-08-08,"2Q24 웹젠실적은 매출액 479억원(QoQ-22%), 영업이익 117억원(QoQ-35%)으로 시장 눈높이에 맞는 실적 기록했다. 3M 컨센 집계 기관은 하나로, 컨센은 없었다. 뮤모나크 자연적인 하향안정화로, 뮤IP 매출이 1Q 441억 -&gt;2Q 318억원으로 하락한 것이 QoQ 탑라인 하락의 주된 이유다. 그 외 비용은 특이사항 없었다. 인건비 QoQ Flat 유지했고, 마케팅비용도 6억원 지출했다. 효율적 비용 집행 유지 중이다. 하반기 실적은 퍼블리싱 타이틀인 프로젝트S와 뮤모나크가 견인할 전망이다. 뮤모나크 2는, 1에이어 중국 킹넷이 개발하고 출시한 게임을 역수입한 기대신작이다. 모나크1 대비 중국 유저평점이 2배 높은 것으로 추정되며(7.7점), 중국 실제 성과도 1 대비 더 좋았던 것으로 추정된다. 뮤모나크1은 이미 국내 하향안정화 진행되었기에, 카니발 우려가 적다. 모나크2 첫분기 일평균 매출 5억원을 제시한다. 이는 모나크1이 국내 출시 첫분기 4억원 기록했음을 고려한 추정이다. `25년 자체개발 신작 최소 3종 출시 + 연간 성장지속 + 게임주 최저 밸류에이션 +주주환원 실시+ 게임사 지분투자 행보 가속화로 매수매력 풍부하다. 투자자들이 기대하는 테르비스 출시일정 지연이라는 ‘속도’만 문제다. 테르비스 출시는 빠르면 4Q, 늦어도 25년 1Q를 예상한다. 내년 1Q라고 쳐도 출시가 이제 머지 않았다. 일본 포함한 아시아 동시 출시로 예상되기 때문에, 생각보다 파급력이 강할 수 있다. 일본 ‘코미케’도 공식 참가 확정 지으면서 본격적인 마케팅도 들어가고 있다. 결국 테르비스 정보가 공개되고, 출시일 가까워질 수록 주가는 자연히 오를 것으로 판단한다. IP라이센싱 사업에 치중했던 과거에서 벗어나 성장성 높은 자체개발&지분보유 스튜디오 퍼블리싱으로 전환되고 있으므로 리레이팅은 이루어져야 한다. 목표주가 26,000원은 TARGET PER 10배 *24F EPS로 산출한 결과다. 게임주에서 상상하기 힘든 10배 밸류부여에도 업사이드 여력이 이상으로, 현재 웹젠은 현저한 저평가 상황이다. TP 26,000원 상향한다. ",NULL,상상인증권,26000,2024-08-08,24000,2024-08-08,4,4,4,4,23666.66667,23666.66667,26000,21000,24000,0.37597,0.05185,2024-08-08,3,3,0,0,2,1,0
69080,웹젠,2024-08-06,16780,15850,17160,0.05868,0.082649842,956582,2024-08-08,"<b>COMPANY </b><b>2024. 8. 8 </b><b>웹젠 (069080) </b><b>하반기 뮤 모나크2 출시 기대 </b>• 신작 부재와 기존 뮤 IP 매출 감소로 2분기 영업이익은 QoQ 34% 감소하여 컨센서• 뮤 모나크2 출시와 신규 IP 게임 출시로 4분기부터 본격적인 영업이익 반등 전망 • 안정적인 현금 흐름에 풍부한 금융자산으로 주주환원정책 강화 여력 충분. 신작 흥행 혹은 자산 활용 정책 발표 시 빠른 주가 반등이 가능할 전망 <b>WHAT’S THE STORY? </b>신작 부재로 영업이익 하락: 신작 출시가 없던 상황에서 뮤 모나크 출시 효과 감소로 2분기 매출액은 QoQ 22% 감소하여 컨센서스를 10% 하회. 뮤 IP 매출이 QoQ 28% 감소한 가운데, R2와 메틴2 IP 매출도 각각 9%, 7% 감소. 매출 감소로 영업이익은 QoQ 34% 감소한 118억원을 기록, 컨센서스를 14% 하회. 4분기 뮤 모나크2 출시로 영업이익 반등: 회사는 킹넷의 성허게임즈가 개발한 ‘영향연맹(永恒联盟)을 ‘뮤 모나크2’ 이름으로 하반기 출시할 예정. 전작인 뮤 모나크가 중국에서보다 국내에서 더 좋은 성과를 내었던 점을 감안하면 후속작 뮤 모나크2 역시 흥행 가능성이 높다고 판단됨. 7월 25일부터 국내 사전예약을 시작하여 이르면 9월 정식 출시될 예정. 3분기에는 뮤 모나크2 매출이 일부만 반영되나, 4분기부터는 매출 온기 반영으로 영업이익 반등이 기대됨. 신규 IP 확대: 4분기 밸류게임즈에서 개발한 모바일 MMO ‘프로젝트S’를 시작으로 ’25년에는 다수의 신규 IP 게임 출시가 예정됨. 최근 지분 투자가 진행된 하운드13과 파나나스튜디오, 블랙앵커 스튜디오 등에서 개발 중인 신작들도 ’25년 본격적으로 출시될 전망. 자체 개발 중인 서브컬처 RPG 테르비스 역시 내년 초 출시를 앞두고 8월 일본 코믹마켓(코미케)에 공개되어 신작 기대감을 형성할 전망. 쌓이는 현금, 주주환원 정책 강화 기대: 웹젠에 대해 기존 BUY 투자의견과 목표주가 24,000원(12개월 예상 EPS에 국내 게임 기업 P/E 평균을 신작 출시 일정 불확실성을 감안하여 10% 할인한 11.1배 적용)을 유지함. 웹젠의 주가는 12개월 forward P/E 8배 수준으로 경쟁사 대비 저평가 상태일 뿐 아니라, 5천억원 규모의 금융자산을 보유. 안정적인 영업 현금흐름과 높은 현금 보유로 주주환원 강화 여력이 충분. 하반기 주주환원정책 강화안 발표 시 빠른 밸류에이션 상승이 기대됨. <b>Compliance notice </b>",NULL,삼성증권,24000,2024-08-08,24000,2024-08-08,4,4,4,4,23666.66667,23666.66667,26000,21000,24000,0.37597,0.05185,2024-08-08,3,3,0,0,2,1,0
138080,오이솔루션,2024-08-06,10240,9620,10400,0.06445,0.081081081,956545,2024-08-08,"<b>오이솔루션 (138080) </b><b>광트랜시버 제조 업체 </b>동사는 2003년에 설립된 광트랜시버 및 광소자 제조 기업. 1Q24 기준 매출액 비중은 Wireless 76.7%, Telecom/Datacom 10.8%, FTTH/MSO 4.2%, 기타 8.3%. 광트랜시버는 광전송 시스템, 대용량 라우터 및 스위치 등 광통신 장치에서 전기 신호를 광신호로 바꿔 광섬유로 송신하며 송신된 광신호를 수신하여 다시 전기 신호로 바꿔주는 광송신과 광수신 기능을 담당하는 모듈 <b>통신사 CAPEX 축소 가운데 가변형 트랜시버와 레이저 칩으로 제품 다변화 </b>해외 5.5G 투자시 동사 제품 공급 확대 기대. 5.5G에 대해 미온적인 국내와 달리 미국 등 해외는 상대적으로 적극적. 6G 도입전까지의 과도기 구간에서 투자 대안이 될 것. 5.5G는 더욱 빠른 전송 속도의 트랜시버가 요구되는 만큼 단가 인상 효과도 기대. 파장가변형 광트랜시버 개발을 통해 고객사 다각화를 추진할 계획. 미국 대형 네트워크 장비사에 파장가변형 광트랜시버의 제품 승인을 완료하고 공급 물량을 논의 중이며, 이르면 4분기부터 본격적인 매출이 발생할 전망. 레이저 칩 개발로 부품 내재화뿐만 아니라 레이저 칩의 외부 고객사로 공급 계획. 현재 데이터센터향 트랜시버를 공급하고 있는 중화권 고객사 향으로 제품 평가가 진행 중이며 2025년 본격적인 매출이 발생할 것으로 기대 <b>Wireless 부진 지속되나 신규 제품 매출 발생 기대 </b>2024년 동사의 매출액 462억원(+0.3% YoY), 영업손실 -240억원(적자지속 YoY)을 전망. 2024년에도 보수적인 글로벌 통신 인프라 투자 지속 중. Wireless 매출액은 반등을 기대하기 어렵다고 판단. 다만 동사는 가변현 광트랜시버 매출이 4분기부터 개시될 것으로 기대되고 데이터센터향 제품도 국내 고객사향으로 일부 공급이 개시될 것으로 예상. 현재 5G 도달 범위가 작아 경쟁사 대비 통신 품질이 떨어지는 미국의 Verizon이 5G망 투자를 재개할 경우 2025년 Wireless 매출액도 반등할 수 있을 것으로 전망. 2024년 수익성 측면에서는 여전히 매출액 규모가 반등하지 못하는 가운데 일부 비용 절감 효과로 전년대비 소폭 개선된 OPM -52%를 전망 <b> 광트랜시버 솔루션 개발 및 제조 업체 </b>오이솔루션은 2003년 8월 설립되고 2014년 2월 코스닥 시장에 상장한 유무선 통신용 광트랜시버 및 광소자 제조 기업이다. 동사는 2009년 ISO9001/14001 인증을 획득하고, 같은 해 무역의 날 천만불 수출의 탑을 수상하며 국제 시장에서의 입지를 확고히 했다. 2011년에는 광주광역시로부터 혁신선도형 유망 중소·중견기업으로 선정되었으며, '광통신용 양방향 트랜시버', 'PIN 호환성을 갖는 HDTV용 광트랜시버' 등 다수의 특허 등록을 통해 기술력을 인정받았다. 2012년에는 서울사무소를 개소하고, 무역의 날 이천만불 수출의 탑을 수상하여 수출 역량을 강화하였다. 2013년에는 'iTransceiver' 미국 상표를 등록하고, 산업통상자원부로부터 '글로벌 전문기업 육성 프로그램'의 후보기업으로 선정되기도 하였다. 2013년에는 네덜란드의 광통신 전문 기업 AimValley의 지분을 취득하였고, 2014년 2월 코스닥에 상장하였으며, 같은 해 Lightwave Innovation Awards에서 기술혁신상을 수상하며 국제적인 기술력을 입증하였다. 2015년에는 포브스 아시아 200대 유망 중소기업으로 선정되었고, 2020년 ISO 27001 인증을 획득하며 정보 보안 관리 체계를 인증받았다. 2021년에는 ISO 45001, TL9000, ISO9001 등의 국제 인증을 재인증받아 품질과 안전 관리에도 힘쓰고 있다. 2022년에는 인적자원개발 우수기관과 ESG 우수 중소기업으로 인증을, 2024년에는 청년 친화 강소기업 인증을 획득하며 젊은 인재와의 협력을 강화하고 있다. 연결 대상 종속회사로 OE Solutions America, Japan Co.,Ltd.(100%), <b> 종속회사 현황 </b>2024년 1분기말 기준 오이솔루션은 미국과 일본에 해외 법인 각각 1개사를 보유하고 있다. 미국 지사인 OE Solutions America, Inc.(100%)는 2004년 10월 설립되어 북미, 남미, 유럽, 아시아, 중동, 인도에서의 영업과 마케팅, 고객 기술 지원을 담당하고 있다. 2023년말 기준 OE Solutions America는 총자산 43억원과 당기순손실 12억원을 기록하고 있다. 일본 소재 법인인 OE Solutions Japan Co.,Ltd.(100%)는 2016년 5월 설립되어 일본 지역의 영업 및 마케팅을 수행한다. 2023년말 기준 OE Solutions Japan의 총자산은 4억원, 당기순이익은 2천만원이다. 관계기업으로는 네덜란드에 위치한 AimValley B..(34.62%)가 있다. 2003년 설립된 AimValley는 네트워크 기술 종합 설계 및 컨설팅 기업이다. 고속 이더넷, TDM 회로 에뮬레이션, 무선 백홀, 가속 엣지 컴퓨팅, 고속 패킷 처리 등 다양한 기술 솔루션을 제공하고 있다. 오이솔루션은 2013년에 AimValley와의 파트너십을 통해 스마트 트랜시버를 공동개발하였으며, 유럽시장 영업망을 확충하고 있다. 2023년말 기준 AimValley는 총자산 172억원을 보유하고 있고, 당기순이익 16억원을 기록했다. <b> 주요 사업 및 매출 구성 </b>동사의 주요 제품은 광트랜시버이다. 1Q24 기준 매출액 비중은 Wireless 76.7%, Telecom/Datacom 10.8%, FTTH/MSO 4.2%, 기타 8.3%을 기록하였다. 광트랜시버는 광전송 시스템, 대용량 라우터 및 스위츠 등 광통신 장치에서 전기 신호를 광신호로 바꿔 광섬유로 송신하며 송신된 광신로를 수신하여 다시 전기 신호로 바꿔주는 광송신과 광수신 기능을 담당하는 모듈이다. 광트랜시버는 무선이동통신 기지국, 중계기용 광모듈, Telecom, Datacom용 광모듈, 유선 광가입자망(FTTH)용 광모듈, SD/HD급의 고화질 Broadcasting 전송용 광모듈, Cable TV용 광모듈로 구분된다. 광트랜시버의 핵심 광소자인 레이저다이오드(LD)는 송신용 빛을 생성하는 원천 소자로 자체 생산을 통해 해외 <b> 주주 구성 </b>2024년 1분기 기준 동사의 지분 구조는 최대주주 및 특수관계자 2762%와 기타 72.31%로 구성된다. 최대주주인 박27.62% 찬(18.52%)은 2003년 동사의 엔젤 투자자로서 참여하였으며, 2대 주주인 박용관(7.60%)은 동사의 CEO이자 공동 창립자이다. 이 외 우리사주조합이 0.07%를 소유하고 있다. <b> 높은 5G 보급률로 위축되는 통신 장비 시장 </b>2023년 글로벌 통신 장비 시장은 2023년 글로벌 통신 장비 시장은 전년대비 -5% 감소하였다. 높은 5G 보급률과 StandAlone 5G 전환이 더디게 이루어져 무선 기반 투자 감소가 크게 나타났다. 특히 하반기 무선통신 및 가정용 광대역 장비 투자가 급격히 감소하였고 시장 전체 매출이 예상보다 더 큰 폭으로 감소하였다. 북미 지역은 -20% YoY 감소하며 가장 큰 감소폭을 기록하였다. 2024년에도 통신 장비 시장은 0~ -5% YoY로 역성장이 지속될 것으로 예상된다. 글로벌 경기 불확실성, 외환 변동성, 높은 인플레이션 및 금리 등의 영향 때문이다. 한국과 미국 통신사들은 5G 투자 효율이 낮은 상황에서 비용통제를 진행 중이다. 2021~2022년 통신업계가 5G 통신망 구축에 투자한 이후 향후 광대역 투자 성장률은 2027년까지 지속적으로 감소될 것으로 전망된다. 미국, 유럽, 일본의 통신사업자는 5G 보급이 마무리된 반면 고정 광케이블 인프라 확장, 클라우드 전환 및 오픈 소스 솔루션 강화 측면에서 설비투자를 늘리고 있지만 인플레이션과 높은 금리 환경이 설비투자 부담을 가중시키고 있어 통신사들은 운영 효율성 개선, 수익 증대, 비용 통제 등에 초점을 둘 것으로 보인다. 해외 시장에서 가장 투자가 활발하다고 할 수 있는 인도는 2024년 5월 5G 주파수 경매를 추가로 진행하였다. 총 1,130억 루피(약 13억 5천만 달러)의 입찰을 받았으며 이는 초기 설정된 기본 가격인 9,623.8억 루피(약 115억 달러)보다 크게 낮은 수치이다. Bharti Airtel은 900MHz, 1800MHz, 2100MHz 대역에서 총 97MHz의 스펙트럼을 686억 루피(약 8억 2천 1백만 달러)에 획득하였고 Reliance Jio는 1800MHz 대역에서 14.4MHz의 스펙트럼을 97억 루피(약 1.17억 달러)에 구매하였다. Vodafone Idea, Adani Data Networks도 참여하여 주파수 낙찰을 받았다. 전반적으로 인도 통신사들이 기존 투자로부터 최대의 수익을 창출하고자 하면서 새로운 스펙트럼 획득에 신중한 접근을 보였다. 통신 장비의 투자<b> 낮아진 국내 5G 28GHz 투자 기대감 </b>국내 통신사들의 5G 28㎓ 주파수 국내 통신사는 약 5년 주기로 대규모 네트워크 투자를 집행한다. 2007년 3G, 2012년 4G, 2019년 5G 서비스와 함께 투자 기대는 낮지만, 3.70~4.0㎓ CAPEX도 증가했다. 통신 3사 CAPEX는 2020년 최대치를 기록한 이후 감소세를 보였다. 국내 5G 시장의 경우, 지난 2018년 이동통신 3사가 5G 통신 주파수를 묶음(3.5㎓, 28㎓)으로 할당 받았으나 ROI가 훼손된다는 우려로 초고주파 대역인 28㎓ 사업에는 미온적인 입장을 보여왔고, 그 결과 2022년 11월 과학기술정보통신부는 기할당된 5G 28㎓ 주파수 대역 회수를 결정한 바 있다(KT LG유플러스: 28㎓ 주파수 할당 취소, SK텔레콤: 주파수 이용기간 단축 처분). 3사의 3.5㎓ 주파수 기반 전국망 구축은 마무리되었다. 현재는 투자 중심을 실내(인빌딩) 등 품질 개선에 집중하고 있다. 28㎓ 주파수 대역은 1월 31일 스테이지엑스가 4,301억원에 낙찰 받았으나 전파법 등 관련 규정에서 요구하는 필요사항 불이행 및 서약서 위반으로 과학기술정보통신부에게 6개월만에 제4이동통신 후보 자격을 박탈하였다. 28㎓ 주파수 대역 투자에 대한 기대감은 더욱 낮아진 상황이다. 다만 연내 3.70~4.0㎓ 대역 주파수 경매가 이뤄질 경우 내년 설비 투자 수요가 늘어날 것으로 전망된다. <b> 6G 투자는 2029년 전망 </b>Nokia는 5G SA 구현 위해 Nokia는 국내 5G 28㎓ 기반 전국망 구축이 어렵다고 판단하고 있으며 5G SA 구현을 위해 3.5GHz 기지국 추가 투3.5GHz 기지국 추가 투자 필요성 자의 필요하다고 밝혔다. 5G 3.5GHz가 전국적으로 어느 곳에서나 지원되고 LTE 주파수 대역과 같은 저주파 대역을 활용하면 SA 구현이 가능할 것으로 보인다. 차세대 네크워크 투자는 6G 상용화가 예상되는 2029년을 예상한다. 6G에서는 5G 대비 절반의 에너지를 활용해 10배 이상의 데이터 용량을 확보할 수 있을 것으로 전망된다. 모든 네트워크는 AI를 기반으로 초고속, 저지연, 대규모 데이터 처리 문제를 해결할 수 있고 중대역 주파수에서 대규모 안테나를 집적해 데이터를 전송하는 eMIMO 기술 등이 논의되고 있다. 국제이동통신민간표준화기구 3GPP는 2024년에 진행되는 6G 응용사례 논의를 시작으로 2025년 3월 6G 기술워크숍을 거쳐, 2025년 6월 Release 20부터 6G 연구범위를 확정하고 본격적으로 기술개발에 착수할 계획이다. 2027년에 발표되는 Release 21이 6G의 첫 번째 후보 기술로 제출될 예정이다. <b> 해외 5.5G는 과도기 구간에서의 투자 대안 </b>해외에서 진행 중인 5G 해외 5.5G(5G Advanced) 투자시 동사 제품 공급 확대가 기대된다. 3GPP는 5G Advanced 표준을 완성 및 승인하였다. 5G Advanced는 기존 5G의 초고속, 초저지연, 초대용량 성능을 강화함과 동시에 위성통신, 실감형 오디오 기술, 특화망 기술 등을 추가하였다. 5.5G는 주파수 대역폭의 확장을 통해 5G보다 더 높은 데이터 전송 속도를 제공하고 대규모 MIMO(Multiple Input Multiple Output) 기술을 사용하여 더 많은 데이터를 동시에 처리할 수 있어 네트워크 용량이 증가한다. 5.5G에 대해 미온적인 국내와 달리 미국 등 해외는 상대적으로 적극적인 모습이다. 미국 정부는 5G Advanced 서비스를 위한 새로운 주파수 대역 할당과 5G 인프라 구축 및 투자 지원, 미국 기업의 5G 기술 선도를 위한 정책 지원 등에 나서고 있다. 5G Advanced 기술 표준화 및 개발 협력체, 5G 인프라 구축 및 투자를 위한 민간 기업 컨소시엄도 구성하고 있다. 유럽도 5G Advanced 기술 개발과 상용화를 위한 정부와 기업의 협력을 강화하고, 투자를 적극 확대 중이다. 6G 도입전까지의 과도기 구간에서 투자 대안이 될 것으로 보이며 5.5G는 더욱 빠른 전송 속도의 트랜시버가 요구되는 만큼 단가 인상 효과도 기대할 수 있다 판단한다. <b> 파장가변형 광트랜시버로 유선망 매출 확대 기대 </b>동사는 파장가변형(Tunable) 광트랜시버 개발을 통해 고객 다각화를 추진할 계획이다. 파장가변형 트랜시버는 다양한 파장(채널)에서 데이터를 전송할 수 있어 네트워크의 주파수 자원을 효율적으로 활용할 수 있다. 새로운 회선을 설치하거나 기존 장비를 교체하지 않고도 네트워크 구성을 변경할 수 있는 유연성을 제공한다. 또한 여러 채널을 동시 전송할 기대 수 있는 파장 분할 다중화(Wavelength Division Multiplexing, WDM) 기술을 활용하여, 동일한 광섬유를 통해 더 많은 데이터를 전송할 수 있다. 그동안 네트워크 확정을 하기 위해서는 파장별로 고정된 광트랜시버를 사용해왔지만 파장가변형 광트랜시버는 원하는 파장을 선택할 수 있는 특징이 있다. 파장별로 재고를 보유해야 하는 고정파장형 광트랜시버에 비해 사업자에게 네트워크 확장을 위한 광트랜시버 재고를 줄일 수 있고 네트워크 연결을 유연하게 변경할 수 있도록 하는 장점이 있다. 광트랜시버는 수요가 높지만 기술적 난이도가 높아 세계 1~2위 광트랜시버 업체인 코히어런트와 루멘텀만 개발하여 독점해왔다. 동사는 전세계 3번째로 독자 기술 개발에 성공하였고 미국 대형 네트워크 장비사에 파장가변형 광트랜시버의 제품 승인을 완료하고 공급 물량을 논의 중이다. 이르면 4분기부터 본격적인 매출이 발생할 전망이다. 텔레콤 시장과 북미를 중심으로 케이블 TV 시장으로 사용 영역이 확대되고 있고, 향후 5G Advanced, 6G 무선네트워크 핵심 부품으로 채택될 가능성이 높은 것으로 보인다. <b> Open RAN을 통한 통신장비 성장 기대 </b>개방형 무선 액세스 글로벌 통신사 CAPEX는 감소하는 반면 다양한 디바이스 그리고 공급자 사이의 상호운용성 향상에 초점을 맞춘 개방형 무선 액세스 네트워크(Open RAN)의 성장은 기대된다. 오픈랜은 이동통신망의 핵심 장비인 기지국 장비의 소프트웨어와 하드웨어를 개방형 표준으로 구현하는 기술이다. 서로 다른 업체가 만든 기지국 장비끼리 연동할 수 있는 표준화 기술을 의미한다. 기존의 이동통신망은 통신 장비 제조사가 독점적으로 소프트웨어와 하드웨어를 개발하고 공급하였으며 한번 특정 업체의 기지국을 설치하면 앞으로도 계속 그 장비 업체에 종속되는 단점이 있다. 반면 오픈랜은 누구나 소프트웨어와 하드웨어를 개발하고 공급할 수 있도록 함으로써 제조사가 다른 기지국 장비를 섞어 사용해도 소프트웨어만 업데이트하면 함께 쓸 수 있다. 통신사 입장에서는 특정 장비 제조사에 의존하지 않고 사업자의 소프트웨어를 적용할 수 있어 운영의 효율성과 유연성을 높일 수 있고 경쟁을 통한 장비 가격 인하를 극대화할 수 있다. 통신 장비사 입장에서는 기존의 독점적 시장에서 경쟁을 통해 기술 혁신을 촉진하고 시장을 확대할 수 있다. 특히 통신 장비사가 없는 미국, 영국, 일본은 오픈랜 도입에 적극적인 상황이며 Huawei, Nokia, Ericsson 대비 시장 점유율이 낮은 삼성전자에게는 기회가 될 것으로 보인다. 삼성전자는 오픈랜 기술에서 우위에 있는 것으로 평가된다. Dell, Intel, 삼성전자, Wind River와 파트너십을 기반으로 하는 Vodafone의 Open RAN가 대표적인 사례이다. 또한 미국 Dish Network에 오픈랜 솔루션을 공급한다. 글로벌 오픈랜 시장은 2023년 90억 달러에서 2030년 192억 달러로 성장할 것으로 기대된다. 2022년 vRAN 기술이 적용된 오픈랜 설비매출이 전체 무선접속망 매출에서 차지하는 비중은 6.1%에 불과하지만 2027년에는 18.5%로 커질 것으로 전망된다. <b> 레이저 칩 생산으로 내재화와 외부 고객 확대 </b>레이저 칩 내재화로 원가 경쟁력과 동사는 트랜시버에 내장되는 레이저 개발을 통해 부품 내재화와 함께 외부 고객 확대를 꾀하고 있다. 트랜시버는 일반적으로 레이저 LD 칩을 포함하는 TOSA(Transmitter Optical Subassembly), 광 검출기 PD 칩을 포함하는 ROSA(Receiver Optical Subassembly), 구동 회로 및 광학 및 전기 인터페이스로 구성된다. 레이저는 광트랜시버의 송신기 모듈에 위치하며, 전기 신호를 받아 이를 광 신호로 변환하는 장치로, 일반적으로 레이저 다이오드 형태로 구현된다. 동사는 2019년 유상증자를 통해 269억원을 조달하고 이 중 180억원을 레이저 생산 설비를 구축하였고 2024년 7월 250억원 CB 발행으로 생산 설비를 증설할 예정이다. 동사는 레이저 칩 생산을 통한 내재화로 원가 경쟁력을 갖추는 한편 공급 안정성을 이룰 것으로 기대된다. 과거 5G망 투자가 활발하던 시기에 레이저 칩의 쇼티지로 인해 트랜시버의 공급도 원할하지 못했기 때문에 수급 안정화 측면으로 고객사에서도 동사의 레이저 칩 내재화를 반기는 분위기이다. 동사는 레이저 칩 내재화뿐만 아니라 레이저 칩의 외부 고객사로 공급을 계획하고 있다. 현재 데이터센터향 트랜시버를 공급하고 있는 중화권 고객사 향으로 제품 평가가 진행 중이며 2025년 본격적인 매출이 발생할 것으로 기대된2024년 매출액 영업손실 -240억원(적자지속 YoY) 전망 <b> 통신 투자 부진 지속으로 실적 부진 기록한 2023년 </b>2023년 동사의 실적은 매출액 460억원(-40.2% YoY), 영업손실 311억원(적자지속 YoY)을 기록하였다. 극심한 통신 인프라 투자 위축을 겪음과 동시에 주요 고객사의 재고조정 영향으로 매출액이 크게 감소하였다. 부문별로 Wireless -32.5% YoY Telecom/Datacom -53.4% YoY FTTH/MSO -70.1% YoY의 매출액 감소를 보였다. 수익성 측면에서는 전사 매출액 감소와 함께 레이저 관련 투자 지속에 따른 고정비 증가로 인해 OPM -67.6%의 대규모 손실을 기록하였다. <b> 투자 부진에도 신규 제품 매출 발생으로 일부 방어할 2024년 </b>2024년 동사의 매출액 462억원(+0.3% YoY), 영업손실 -240억원(적자지속 YoY)을 전망한다. 2024년에도 보수적인 글로벌 통신 인프라 투자가 이어지고 있다. 이미 동사의 1Q24 실적도 매출액이 -47.7% YoY, -12.7% QoQ 감소한 81억원을 기록하는 등 부진이 지속되었다. 연간으로도 Wireless 매출액은 반등을 기대하기 어렵다고 판단된다. 다만 동사는 가변현 광트랜시버 매출이 4분기부터 개시될 것으로 기대되고 데이터센터향 제품도 국내 고객사향으로 일부 공급이 개시될 것으로 예상된다. 레이저는 중국 트랜시버 업체로 데이터센터향 제품에 탑재를 목표로 제품 평가 진행 중이다. 2025년 본격적인 납품이 기대된다. 현재 5G 도달 범위가 작아 경쟁사 대비 통신 품질이 떨어지는 미국의 Verizon이 5G망 투자를 재개할 경우 2025년 Wireless 매출액도 반등할 수 있을 것으로 전망된다. 2024년 수익성 측면에서는 여전히 매출액 규모가 반등하지 못하는 가운데 일부 비용 절감 효과로 전년대비 소폭 개선된 OPM -52%가 예상된다. <b> 2024F PBR 1.2x 수준 </b>동사의 현주가는 2024F PRB 1.2x 수준이다. 이는 Historical PBR Band 하단에 위치한다. 국내 통신 장비 Peer 업체의 2024F 평균 PBR은 1.7x 수준이다. 2020년 5G망 투자 이후 통신사들의 CAPEX가 꾸준히 감소하였고 동사의 주통신 인프라 재개 시그널 필요 가도 지속적으로 하락하였다. 통신 인프라 투자 위축에 따른 실적 부진과 향후 성장성에 대한 의구심으로 Valuation이 지속 하락세에 있다. 향후 주가 상승을 위해서는 실적 개선과 더불어 통신 인프라 투자 재개에 대한 시그널이 필요하다고 판단된다. <b> 통신망 투자 사이클에 연동되는 동사 실적 </b>통신사의 투자 축소에 대응하기 동사와 같은 통신 장비 부품 업체는 통신사의 투자에 따라 실적 방향성이 결정된다. 통신사들은 2020년 이후 CAPEX를 축소하고 있으며 단기적으로 반등할 시그널이 보이지는 않는다. 현재 통신사들은 AI 관련 투자에 CAPEX를 집중하고 있어 망투자는 더욱 보수적으로 투자를 진행하고 있다. 글로벌 관점에서도 5G망 투자가 일단락된 가운데 높은 금리 환경이 설비투자 부담을 가중시키고 있어 통신사들은 운영 효율성 개선, 수익 증대, 비용 통제 등에 초점을 맞추고 있다. 2029년 6G 개화 전까지 5.5G 투자가 일부 대안이 되겠으나 해외와 달리 국내는 다소 미온적인 입장을 보일 것으로 예상된다. 결국 동사는 6G 투자 전까지 일부 무선망 투자와 함께 데이터센터, 유선망 등으로의 제품 확장이 더욱 필요할 것으로 보인다. 가변형 트랜시버와 레이저 공급은 제품 다변화를 이룰 요소로 판단된다. ",NULL,한국IR협의회(리서치센터),NULL,2024-08-08,NULL,NULL,NULL,NULL,NULL,NULL,NULL,NULL,NULL,NULL,NULL,NULL,NULL,NULL,NULL,NULL,NULL,NULL,NULL,NULL,NULL
298380,에이비엘바이오,2024-08-07,30400,27100,30750,0.12177,0.134686347,956743,2024-08-08,"<b>에이비엘바이오 </b><b>(298380) </b><b>TCE에서 bs ADC까지 항암모달리티 확대 </b>ABL111(CLDN18.2x4-1BB)의 임상 1상 중간결과를 공개한데 이어 ABL503(PD-L1x4-1BB)의 중간 결과 발표. 하반기 ABL105(HER2x4-1BB)의 임상 결과도 확인 가능할 것으로 예상. 임상 단계에서 4-1BB 이중 항체 플랫폼인 Grabody-T를 적용한 파이프라인들의 데이터가 증가 추세 ABL503은 1상 중간 결과에서 ORR 15.9%, DCR 61.4%로 PD-(L)1 내성 및 병용 요법에서 개발 가능성을 확인. 다만 ABL111과는 달리 간독성 발생 빈도가 높았으며, 이는 간에서의 일부 PD-L1 발현에 의한 영향으로 추정. ABL105에서의 간독성 발생 빈도에 따라 TAA의 영향을 판단할 수 있을 것. <b>BsADC로 모달리티 확대 </b>7월 제3자 대상 유상 증자를 통해 약 1,400억원을 조달하며 BsADC 개발에 사용할 계획을 밝힘. BsADC는 ADC 항체로 이중 항체를 사용하는 ADC로 표적 항원 조합 및 친화력 등의 차이를 통해 단일 항체 ADC의 단점을 보완할 수 있을 것으로 기대. 동사는 ADC 링커 및 페이로드 기술로 Synaffix의 기술을 도입. Synaffix는 다수 기업들과의 기술 이전 계약을 체결한 이력이 있으며, 링커 기술인 GlycoConnect와 다양한 기전의 페이로드 플랫폼인 toxSYN 플랫폼을 보유하고 있어 향후 Top1i 페이로드 외의 페이로드를 적용한 ADC 개발도 가능할 것으로 예상. 동사는 26년초까지 3개의 BsADC의 임상 진입을 목표. <b>투자 의견 Buy, 목표주가 3.6만원 유지 </b>Grabody-T 파이프라인들이 임상에서 우수한 안전성과 경쟁 파이프라인 대비 우위를 확인L/O 가능성은 높아질 것으로 전망. Grabody-T 파이프라인에서 Grabody-T 전반적인 가치와 동사 기업 가치 향상 전망. <b>쌓여가는 Grabody-T 임상 결과 </b><b>Grabody-T 파이프라인, 다수 임상 단계에 </b>Grabody-T는 동사의 T cell engager(TCE) 플랫폼으로 현재 승인된 TCE 약물들이 CD3 항체 중심인데 반해 Grabody-T는 4-1BB(CD137) 항체를 사용하고 있다. 4-1BB는 T 세포 보조 자극 인자로 T 세포의 신호를 유지하는 역할을 하는 수용체로 알려져 있으며, 이는 세포 독성 T 세포(CD8 T cell)의 생존과 기억 T 세포 형성에 중요하다. 장기간 면역 반응을 유지할 수 있는 특성으로 4-1BB는 면역 항암제 개발 타겟으로 BMS, 화이자 등에서 개발이 진행되었으나 간의 쿠퍼 세포에 의해 유도되는 간 독성 등으로 인해 개발이 중단되었다. 이후 4-1BB는 간독성을 피하고 종양 선택성을 높이기 위해 종양 연고나 항원(Tumor associated antigen, TAA)과의 이중 항체로 개발, TAA 의존적 4-1BB로 개발되고 있다. 현재 Grabody-T 파이프라인 4개가 임상 단계에 있으며, ABL105(EGFRx4-1BB)도 하반기 임상 1상 신청 예정이다. 임상 파이프라인들의 결과도 지난해 ESMO에서 ABL111(CLDN18.2x4-1BB)가 공개된데 이어 올해 ASCO에서 ABL503(PD-L1x4-1BB)의 중간 결과를 공개했다. 임상 단계에서 Grabody-T 파이프라인 데이터가 증가하고 있고 기존 4-1BB 표적 약물들의 단점 개선을 확인함에 따라 전반적인 파이프라인 가치는 높아질 것으로 기대한다. <b>ABL111에 비해 높았던 ABL503의 간독성 </b>ASCO에서 공개된 임상 1상 중간 결과에서 ABL503은 44명의 평가 가능한 환자 중 7명(CR 1건, PR 6건)으로 ORR 15.9%였으며 11명의 환자가 SD로 평가되면서 DCR은 61.4% 였다. 유효 용량으로 판단되는 3mg/kg와 5mg/kg 환자들은 총 26명이었으며, 이들 중 16명은 임상 전 PD-(L)1 치료 경험이 있었다. PD-(L)1 치료를 경험한 16명 중 5명에서 반응(ORR 31.3%)을 나타내며 PD-(L)1 내성 환자 및 PD-(L)1 항체와 병용 요법에서 효과가 기대된다. 안전성 결과에서 ABL503은 32.1%가 AST/ALT가 증가하는 간독성을 나타냈으며, 28.3%는 3등급 이상으로 지난해 공개된 ABL111과는 달리 간독성이 발생했다. 다만, 빌리루빈이 증가하는 등 심각한 간 손상은 확인되지 않았으며 이후 처치에 의해 회복 가능함을 확인했다. 후속 임상에서는 추가적으로 3주 투약 간격(기존 2주마다 투약)으로 변경을 통해 독성 관리를 평가할 예정이다. 표적이 동일한 MCLA-145(Merus)이 투약 주기 변경(2주마다→3주마다)을 통해 독성이 줄어드는 것을 보임에 따라 ABL503도 안전성 개선이 가능할 것으로 예상한다. ABL503에서 발생한 간독성은 일부 간에서 발현되는 PD-L1에 의한 영향으로 보이며, 하반기 ABL105(HER2x4-1BB)의 임상 결과 공개가 예상되며, ABL105의 간독성 결과로부터 TAA에 따른 간독성 영향을 확인할 수 있을 것으로 보인다. <b>BsADC로 항암 모달리티 확대 </b><b>ADC 시장에는 BsADC 로 진입 </b>동사는 지난 7월 기업 설명회를 통해 공격적으로 이중 항체 ADC(BsADC)를 개발할 것임을 밝혔으며, 기업 설명회 전 제3자 유상 증자를 통해 BsADC의 임상 개발에 사용할 자금으로 1,400억원을 조달했다. BsADC는 지난해 BMS와 Systimmune이 총 규모 84억 달러의 대형 기술 이전 계약 체결을 밝히면서 주목을 받고 있다. BsADC는 서로 다른 항원과 결합할 수 있기 때문에 타겟 조합을 통해 독성을 감소시키고 internalization을 증가시켜 페이로드 전달은 높여 결과적으로 치료 범위를 낮출 수 있을 것으로 예상된다. 다양한 종양 항원들이 ADC 개발 타겟으로 주목을 받았으나 임상을 진행 중인 ADC 개발 표적은 28개에 불과하며 이는 표적 항원의 낮은 internalization으로 인한 페이로드 전달 어려움 등으로 판단하며 BsADC를 통해 극복 가능할 것으로 기대한다. BsADC는 종양 세포에서 과발현되나 internalization이 느린 수용체과 internalization이 빠른 수용체를 항원으로 조합함에 따라 위의 문제를 극복할 수 있으며, internalization이 빠른 수용체에 대한 결합력을 낮춤으로써 정상 세포에 대한 결합력을 낮출 수 있을 것으로 판단한다. <b>다수의 기술 이전으로 검증된 Synaffix </b>동사는 항체 전문 기업으로 BsADC에서 항체를 제외한 링커와 페이로드는 Synaffix로부터 기술 도입 계약을 체결하며 확보했다. Synaffix는 ADC 플랫폼 기업으로 Amgen과 같은 빅파마 뿐 아니라 ADC 제품을 보유한 바이오텍인 ADC 테라퓨틱스 등과도 기술 이전 계약을 체결하며 높은 수준의 ADC 개발 능력을 보유하고 있는 것으로 판단한다. Synaffix는 항체의 glycan을 이용, 안정적으로 링커를 결합할 수 있는 GlycoConnect 기술을 가지고 있으며 toxSYN 플랫폼은 다양한 종류의 페이로드-링커 플랫폼으로 동사가 현재 사용하고 있는 Top1i ADC뿐만 아니라 MMAE ADC 등으로 확대도 가능할 것으로 보인다. Synaffix는 지난해 글로벌 CDMO 기업인 론자에 인수되면서 동사는 Synaffix를 통한 ADC 개발에서 나아가 론자 등과의 협업을 통해 상업화 세포주 개발까지 확대할 수 있을 것으로 판단한다. <b>26년초까지 3개 파이프라인 임상 진입 목표 </b>동사는 3개의 BsADC 파이프라인을 25년말~26년초까지 임상 단계에 진입을 목표로 하고 있으며, 7월 간담회에서 3개 파이프라인의 데이터를 일부 공개했다. ABL206은 NSLCL, TNBC 등을 적응증으로 개발하고 있으며, 반응성이 낮은 항원과 독성이 높은 항원을 표적 함으로써 각각 항원의 단일 항체에서의 낮은 효과와 높은 독성을 극복을 목표로 하고 있다. 두 항원은 공동 발현되는 특징을 가지고 있으며 동물 모델 실험에서 경쟁사의 단일 항체 ADC 들보다 우수한 항 종양 효과를 보였다. ABL209와 ABL210도 이중 항체를 적용함으로써 종양 세포에 대한 특이성을 높여 on target, off site 독성을 낮추는 것을 목적으로 하고 있으며 동물 실험에서 단일 타겟 ADC에 비해 종양 세포 크기를 크게 낮추는데 성공했다. 3개 파이프라인의 초기 임상 결과에서 BsADC를 통한 ADC의 독성 감소와 유효성에 대한 일부 평가가 가능할 것으로 예상되며, 데이터 여부에 따라 큰 폭의 기업가치 증가가 예상된다. ",NULL,유안타증권,36000,2024-08-08,36000,2024-08-08,4,4,4,4,36500,36666.66667,37000,36000,36500,0.21667,-0.00455,2024-08-08,4,4,0,0,3,1,0
298380,에이비엘바이오,2024-08-06,27100,25050,27550,0.08184,0.099800399,956743,2024-08-08,"<b>에이비엘바이오 </b><b>(298380) </b><b>TCE에서 bs ADC까지 항암모달리티 확대 </b>ABL111(CLDN18.2x4-1BB)의 임상 1상 중간결과를 공개한데 이어 ABL503(PD-L1x4-1BB)의 중간 결과 발표. 하반기 ABL105(HER2x4-1BB)의 임상 결과도 확인 가능할 것으로 예상. 임상 단계에서 4-1BB 이중 항체 플랫폼인 Grabody-T를 적용한 파이프라인들의 데이터가 증가 추세 ABL503은 1상 중간 결과에서 ORR 15.9%, DCR 61.4%로 PD-(L)1 내성 및 병용 요법에서 개발 가능성을 확인. 다만 ABL111과는 달리 간독성 발생 빈도가 높았으며, 이는 간에서의 일부 PD-L1 발현에 의한 영향으로 추정. ABL105에서의 간독성 발생 빈도에 따라 TAA의 영향을 판단할 수 있을 것. <b>BsADC로 모달리티 확대 </b>7월 제3자 대상 유상 증자를 통해 약 1,400억원을 조달하며 BsADC 개발에 사용할 계획을 밝힘. BsADC는 ADC 항체로 이중 항체를 사용하는 ADC로 표적 항원 조합 및 친화력 등의 차이를 통해 단일 항체 ADC의 단점을 보완할 수 있을 것으로 기대. 동사는 ADC 링커 및 페이로드 기술로 Synaffix의 기술을 도입. Synaffix는 다수 기업들과의 기술 이전 계약을 체결한 이력이 있으며, 링커 기술인 GlycoConnect와 다양한 기전의 페이로드 플랫폼인 toxSYN 플랫폼을 보유하고 있어 향후 Top1i 페이로드 외의 페이로드를 적용한 ADC 개발도 가능할 것으로 예상. 동사는 26년초까지 3개의 BsADC의 임상 진입을 목표. <b>투자 의견 Buy, 목표주가 3.6만원 유지 </b>Grabody-T 파이프라인들이 임상에서 우수한 안전성과 경쟁 파이프라인 대비 우위를 확인L/O 가능성은 높아질 것으로 전망. Grabody-T 파이프라인에서 Grabody-T 전반적인 가치와 동사 기업 가치 향상 전망. <b>쌓여가는 Grabody-T 임상 결과 </b><b>Grabody-T 파이프라인, 다수 임상 단계에 </b>Grabody-T는 동사의 T cell engager(TCE) 플랫폼으로 현재 승인된 TCE 약물들이 CD3 항체 중심인데 반해 Grabody-T는 4-1BB(CD137) 항체를 사용하고 있다. 4-1BB는 T 세포 보조 자극 인자로 T 세포의 신호를 유지하는 역할을 하는 수용체로 알려져 있으며, 이는 세포 독성 T 세포(CD8 T cell)의 생존과 기억 T 세포 형성에 중요하다. 장기간 면역 반응을 유지할 수 있는 특성으로 4-1BB는 면역 항암제 개발 타겟으로 BMS, 화이자 등에서 개발이 진행되었으나 간의 쿠퍼 세포에 의해 유도되는 간 독성 등으로 인해 개발이 중단되었다. 이후 4-1BB는 간독성을 피하고 종양 선택성을 높이기 위해 종양 연고나 항원(Tumor associated antigen, TAA)과의 이중 항체로 개발, TAA 의존적 4-1BB로 개발되고 있다. 현재 Grabody-T 파이프라인 4개가 임상 단계에 있으며, ABL105(EGFRx4-1BB)도 하반기 임상 1상 신청 예정이다. 임상 파이프라인들의 결과도 지난해 ESMO에서 ABL111(CLDN18.2x4-1BB)가 공개된데 이어 올해 ASCO에서 ABL503(PD-L1x4-1BB)의 중간 결과를 공개했다. 임상 단계에서 Grabody-T 파이프라인 데이터가 증가하고 있고 기존 4-1BB 표적 약물들의 단점 개선을 확인함에 따라 전반적인 파이프라인 가치는 높아질 것으로 기대한다. <b>ABL111에 비해 높았던 ABL503의 간독성 </b>ASCO에서 공개된 임상 1상 중간 결과에서 ABL503은 44명의 평가 가능한 환자 중 7명(CR 1건, PR 6건)으로 ORR 15.9%였으며 11명의 환자가 SD로 평가되면서 DCR은 61.4% 였다. 유효 용량으로 판단되는 3mg/kg와 5mg/kg 환자들은 총 26명이었으며, 이들 중 16명은 임상 전 PD-(L)1 치료 경험이 있었다. PD-(L)1 치료를 경험한 16명 중 5명에서 반응(ORR 31.3%)을 나타내며 PD-(L)1 내성 환자 및 PD-(L)1 항체와 병용 요법에서 효과가 기대된다. 안전성 결과에서 ABL503은 32.1%가 AST/ALT가 증가하는 간독성을 나타냈으며, 28.3%는 3등급 이상으로 지난해 공개된 ABL111과는 달리 간독성이 발생했다. 다만, 빌리루빈이 증가하는 등 심각한 간 손상은 확인되지 않았으며 이후 처치에 의해 회복 가능함을 확인했다. 후속 임상에서는 추가적으로 3주 투약 간격(기존 2주마다 투약)으로 변경을 통해 독성 관리를 평가할 예정이다. 표적이 동일한 MCLA-145(Merus)이 투약 주기 변경(2주마다→3주마다)을 통해 독성이 줄어드는 것을 보임에 따라 ABL503도 안전성 개선이 가능할 것으로 예상한다. ABL503에서 발생한 간독성은 일부 간에서 발현되는 PD-L1에 의한 영향으로 보이며, 하반기 ABL105(HER2x4-1BB)의 임상 결과 공개가 예상되며, ABL105의 간독성 결과로부터 TAA에 따른 간독성 영향을 확인할 수 있을 것으로 보인다. <b>BsADC로 항암 모달리티 확대 </b><b>ADC 시장에는 BsADC 로 진입 </b>동사는 지난 7월 기업 설명회를 통해 공격적으로 이중 항체 ADC(BsADC)를 개발할 것임을 밝혔으며, 기업 설명회 전 제3자 유상 증자를 통해 BsADC의 임상 개발에 사용할 자금으로 1,400억원을 조달했다. BsADC는 지난해 BMS와 Systimmune이 총 규모 84억 달러의 대형 기술 이전 계약 체결을 밝히면서 주목을 받고 있다. BsADC는 서로 다른 항원과 결합할 수 있기 때문에 타겟 조합을 통해 독성을 감소시키고 internalization을 증가시켜 페이로드 전달은 높여 결과적으로 치료 범위를 낮출 수 있을 것으로 예상된다. 다양한 종양 항원들이 ADC 개발 타겟으로 주목을 받았으나 임상을 진행 중인 ADC 개발 표적은 28개에 불과하며 이는 표적 항원의 낮은 internalization으로 인한 페이로드 전달 어려움 등으로 판단하며 BsADC를 통해 극복 가능할 것으로 기대한다. BsADC는 종양 세포에서 과발현되나 internalization이 느린 수용체과 internalization이 빠른 수용체를 항원으로 조합함에 따라 위의 문제를 극복할 수 있으며, internalization이 빠른 수용체에 대한 결합력을 낮춤으로써 정상 세포에 대한 결합력을 낮출 수 있을 것으로 판단한다. <b>다수의 기술 이전으로 검증된 Synaffix </b>동사는 항체 전문 기업으로 BsADC에서 항체를 제외한 링커와 페이로드는 Synaffix로부터 기술 도입 계약을 체결하며 확보했다. Synaffix는 ADC 플랫폼 기업으로 Amgen과 같은 빅파마 뿐 아니라 ADC 제품을 보유한 바이오텍인 ADC 테라퓨틱스 등과도 기술 이전 계약을 체결하며 높은 수준의 ADC 개발 능력을 보유하고 있는 것으로 판단한다. Synaffix는 항체의 glycan을 이용, 안정적으로 링커를 결합할 수 있는 GlycoConnect 기술을 가지고 있으며 toxSYN 플랫폼은 다양한 종류의 페이로드-링커 플랫폼으로 동사가 현재 사용하고 있는 Top1i ADC뿐만 아니라 MMAE ADC 등으로 확대도 가능할 것으로 보인다. Synaffix는 지난해 글로벌 CDMO 기업인 론자에 인수되면서 동사는 Synaffix를 통한 ADC 개발에서 나아가 론자 등과의 협업을 통해 상업화 세포주 개발까지 확대할 수 있을 것으로 판단한다. <b>26년초까지 3개 파이프라인 임상 진입 목표 </b>동사는 3개의 BsADC 파이프라인을 25년말~26년초까지 임상 단계에 진입을 목표로 하고 있으며, 7월 간담회에서 3개 파이프라인의 데이터를 일부 공개했다. ABL206은 NSLCL, TNBC 등을 적응증으로 개발하고 있으며, 반응성이 낮은 항원과 독성이 높은 항원을 표적 함으로써 각각 항원의 단일 항체에서의 낮은 효과와 높은 독성을 극복을 목표로 하고 있다. 두 항원은 공동 발현되는 특징을 가지고 있으며 동물 모델 실험에서 경쟁사의 단일 항체 ADC 들보다 우수한 항 종양 효과를 보였다. ABL209와 ABL210도 이중 항체를 적용함으로써 종양 세포에 대한 특이성을 높여 on target, off site 독성을 낮추는 것을 목적으로 하고 있으며 동물 실험에서 단일 타겟 ADC에 비해 종양 세포 크기를 크게 낮추는데 성공했다. 3개 파이프라인의 초기 임상 결과에서 BsADC를 통한 ADC의 독성 감소와 유효성에 대한 일부 평가가 가능할 것으로 예상되며, 데이터 여부에 따라 큰 폭의 기업가치 증가가 예상된다. ",NULL,유안타증권,36000,2024-08-08,36000,2024-08-08,4,4,4,4,36500,36666.66667,37000,36000,36500,0.21667,-0.00455,2024-08-08,4,4,0,0,3,1,0
149950,아바텍,2024-08-01,11970,11450,12540,0.04541,0.095196507,956547,2024-08-08,"<b>Issue Comment </b><b>아바텍 149950 </b><b> 숫자가 보여주는 잠재력 </b><b>2Q24 Review: OLED 매출 확대로 기대 이상의 수익성 기록 </b>2Q24 매출액 248억원(+6.9% QoQ, +41.3% YoY), 영업이익 48억원(+26.7%QoQ, + 742.3% YoY, OPM: 19.5%)로 매출액은 당사 추정치를 하회했으나 영업이익 기준 당사 추정치를 상회. 이는 Display 사업부 내 LCD 매출은 감소했고, MLCC 매출액은 1분기에 이어서 부진했으나 상대적으로 수익성이 높은 OLED 식각 매출이 증가했기 때문. 국내 고객사의 북미 세트 업체 내 Hybrid OLED 물량 증가 효과 및 북미 노트북 고개사향 물량 확대 효과로 추정. 하반기에는 자체적인 생산 효율화를 통해 패널 기준 월 650K의 동사 OLED 식각 Capa가 750K로 확대될 전망. 이로 인한 OLED 식각 매출 확대로상반기에 이어 하반기에도 높은 수준의 수익성 유지 기대 <b>IT OLED는 이제 시작. 방향성에 주목 </b>OLED 탑재 iPad Pro를 출시한 북미 고객사는 CY2Q24 실적발표에서 전년 동기 대비 23.7% 증가한 iPad 매출액을 발표. ASP 상승 효과를 감안해도 OLED탑재 iPad에 대한 초기 시장 반응이 긍정적임을 암시. 이를 바탕으로 내년부터는 iPad Mini, Air 등 볼륨 모델로의 추가적인 확장을 기대. 또한 북미 고객사 외에도 AI 기능 확대로 인해 저전력이 강조됨에 따라 저전력에서 강점이 있는 OLED 패널의 노트북, 태블릿 내 침투율 확대가 본격화될 전망(그림3). 동사 디스플레이 고객사의 중형 OLED 물량 확대에 대한 수혜는 올해를 시작으로 점진적으로 확대될 것으로 예상. 종합적으로 올해와 내년 영업이익은 각각 YoY +710.0%, +46.7% 증가할 것으로 추정 (표2)  <b>결국 주가는 숫자와 성장성의 함수 </b>고객사의 두차례 지분 블록딜 공시로 인해 7월 1일 고점 (16,650원) 대비 -34.5%의 주가 하락을 기록 중. 매각 주체가 매출 비중 내 99.8%를 차지하는 주요 고객사라는 점에서 단기 투자 심리에 부정적 영향은 불가피. 다만 금번 매각 목적에 대해 공시된 바는 없으나 시장 우려와 달리 고객사와의 협력 관계에 변동은 없는 상황. 단순 현금 마련 목적으로 파악되며 고객사의 중국 공장 매각이 진행되고 나면 향후 추가적인 지분 매각 가능성은 낮다고 판단. 당사는 블록딜 관련 노이즈에도 아바텍에 대한 긍정적 시간을 유지. 올해부터 반영되는 OLED 식각 매출액을 통해 고수익성이 유지되고, 향후 IT OLED 시장 확대, MLCC 신규 고객사 확보, 폴더블 UTG 시장 진입 등 중장기 성장스토리도 유효하기 때문. 동사 현 주가는 당사 추정치 기준 2024년 PER 8.6배, 2025년 PER 5.5배에 거래 중으로 현재 주가에서는 매수 관점 접근이 유효하다고 판단. <b>그림6 아바텍, 야스, 우리이앤엘 주가 추이 </b>",NULL,메리츠증권,NULL,2024-08-08,20000,2024-08-08,4,4,4,4,20000,NULL,20000,20000,20000,0.81324,0,2024-08-08,1,1,0,0,1,0,0
352480,씨앤씨인터내셔널,2024-08-07,114000,99900,114800,0.14114,0.149149149,956695,2024-08-08,,NULL,미래에셋증권,NULL,2024-08-08,NULL,2024-08-08,3.85714,4,3,4,127714.2857,90166.66667,150000,81000,140000,0.14337,0,2024-08-08,7,7,0,0,7,0,0
352480,씨앤씨인터내셔널,2024-08-06,99900,100800,109500,-0.00893,0.086309524,956695,2024-08-08,,NULL,미래에셋증권,NULL,2024-08-08,NULL,2024-08-08,3.85714,4,3,4,127714.2857,90166.66667,150000,81000,140000,0.14337,0,2024-08-08,7,7,0,0,7,0,0
28050,삼성E&A,2024-07-26,27900,25700,28550,0.0856,0.110894942,956683,2024-08-08,NULL,NULL,KB증권,39000,2024-08-08,39000,2024-08-08,4,4,4,4,36777.77778,36562.5,42000,33000,36000,0.35711,0,2024-08-08,18,18,0,0,18,0,0
141080,리가켐바이오,2024-08-06,83400,73400,84900,0.13624,0.156675749,956745,2024-08-08,"<b>NOT RATED (M) </b><b>리가켐바이오 </b><b>완전체 ADC 기업에 가까워져 가는 중 </b><b>기본기에 충실한 ConjuALL </b>동사의 링커 기술인 ConjuALL은 β-glucuronidase에 의해 절단되는 효소 절단 링커. β-glucuronidase는 정상 세포에는 농도가 낮으나 종양 세포에서는 높은 농도로 유지되기 때문에 혈중 안정성이 우수. 일반적으로 많이 사용되는 효소 절단 링커인 VC 링커와 비교해서도 안정적이며 LCB14의 임상 1/2상에서도 우수한 안전성 프로파일 확인. 우수한 혈중 안정성을 보이면서도 종양 세포에서는 빠르게 링커가 분해되며 페이로드를 방출. 빠른 페이로드 방출 속도는 종양 세포 내에서 높은 페이로드 농도를 구현할 수 있으며, 이는 유효성을 높이거나 낮은 용량에서도 충분한 세포 독성을 유발할 수 있어 용량 조절을 통한 독성 관리가 용이. <b>자체적인 페이로드 개발 </b>LCB71(ROR1 ADC)는 PBD를 페이로드로 사용한 ADC로 임상에서 안전성 확인. PBD는 효력이 높은 페이로드로 독성 관리가 관건. 동사는 PBD를 프로드럭 형태로 사용하며 β-glucuronidase에 의해 분해된 후에 PBD로 전환. 엔허투 이후 Top1i ADC 개발이 활발하다 CPT 계열의 Top1i들이 대부분. 따라서 Top1i 내성 시장 확대가 예상되며 비 CPT 계열의 Top1i가 필요할 것으로 판단. 동사는 비 CPT 계열의 Top1i를 개발 중. 또한 면역 조절제인 STING agonist를 적용한 ADC도 개발중으로 페이로드 확대 예상되며 자체 페이로드 파이프라인들의 임상 데이터가 쌓이며 기업 가치 상승으로 이어질 것. <b>최적의 조합을 통한 ADC 개발 전략 </b>본동사는 ADC 개발에서 암종 환자의 mRNA 유전자 분석을 통해 ADC 표적 항원을 선정. 단일 항원으로 발현량이 부족하더라도 공동 발현 항원에 따라 BsADC로 개발이 가능하며 페이로드 선정시에도 약물 내성 유전자의 공동 발현 유무를 확인해 최적의 페이로드 선정. <b>독보적인 ConjuALL 플랫폼 </b><b>β-glucuronidase linker, 우수한 혈중 안정성 </b>ADC는 세포 독성을 가진 페이로드를 안전하게 종양 세포까지 전달해야하기 때문에 혈중 링커 안정성이 약물의 독성과 내약성에서 중요하다. 특히 bystander effect의 중요성이 커지면서 세포막 투과성을 높인 페이로드의 사용이 증가하고 있어 링커 안정성은 더욱 중요해질 것으로 예상한다. ADC의 cleavable 링커는 하이드라존 링커(Hydrazon linker)와 같이 화학적으로 절단되거나 VC 링커(Valin-citruline linker)와 같이 특정 효소에 의해 절단되는 링커가 있다. 하이드라존 링커는 pH 의존적 링커로 산성 환경에서 분해되며 세포 내 리소좀의 pH는 4.5로 하이드라존 링커의 가수 분해가 발생하게 된다. 근러나 혈장에서도 가수분해가 발생할 수 있으며 이는 Off target 독성을 유발하게 된다. VC 링커 등은 리소좀의 단백질 분해효소인 cathepsin에 의해 분해되며 종양 세포에서의 높은 단백질 분해 효소 농도 및 혈중 단백질 분해효소 억제제로 인해 화학적 절단 링커보다 안정적이다. 동사의 링커 기술인 ConjuALL은 β-glucuronidase에 의해 분해되는 글루쿠로나이드 링커로 β-glucuronidase는 정상 세포에서는 농도가 낮으나 종양 세포에서 높은 농도로 유지되기 때문에 혈중 안정성이 우수하다. 동사는 동물과 사람에서 모두 VC 링커와 비교했을 때도 우수한 혈중 안정성을 보였으며 LCB14(HER2 ADC)의 임상 1/2상에서도 같은 trastuzumab 항체 ADC인 엔허투, 캐싸일라 대비 낮은 혈액 독성을 나타냈다. <b>종양 세포에서 빠른 약물 유리 속도 </b>ConjuALL은 우수한 혈중 안정성을 가지면서도 항원과 결합, 종양 세포 내로 internalization 된 이후에는 빠른 속도로 약물을 유리할 수 있다. 약물 유리 속도가 빠를 경우 종양 세포 내에서 페이로드가 단기간에 걸쳐 방출되기 때문에 종양 세포 내 높은 페이로드 농도를 구현할 수 있다. 페이로드에 사용되는 세포 독성 항암제의 효과는 약물 농도와 비례하는 특성이 있으며, 따라서 종양 세포 내 높은 페이로드 농도는 우수한 항종양 효과를 유도할 수 있다. 표적 종양 세포에서 높은 페이로드 농도가 가능하기 때문에 경쟁 ADC들 대비 낮은 투여량으로도 충분한 종양 세포 살해 효과를 유지할 수 있으면서도 독성은 낮출 수 있을 것으로 판단한다. 또한 정상 세포에서의 낮은 β-glucuronidase 농도는 internalization 이후 빠르게 페이로드를 방출할 수 없기 때문에 종양 세포에서와 같이 높은 페이로드 농도를 유도할 수 없을 것으로 보인다. 대부분의 ADC 표적 항원은 종양 세포에 특이적으로 발현량이 많으나 정상 세포에서도 일부 발현되며 정상 세포의 항원과 결합해서 발생하는 on target, off site 독성을 낮출 수 있을 것으로 판단한다. 특히 EGFR, TROP2 등 정상 세포 발현 빈도가 높은 표적 항원에서 차별화된 경쟁력을 가질 수 있을 것으로 생각한다. <b>페이로드에서도 경쟁력 강화 </b><b>pPBD 전략, 효과적으로 판단 </b>PBD(Pyrrolobenzodiazepine)는 높은 효력을 가지고 있으나 어려운 독성 관리로 인해 현재 승인된 ADC는 진론타(ADC therapeutics)가 유일하다. 진론타는 약 70%의 환자에서 혈소판 수치가 감소했으며, 호중구 감소 환자도 60% 이상으로 높은 혈액 독성을 보였다. 이는 혈액암보다 약물 높은 용량의 투여가 필요한 고형암에서 PBD ADC의 사용을 어렵게 만드는 요인으로 판단한다. 동사는 PBD의 높은 효력을 유지하면서도 PBD에 의한 독성을 관리하기 위해 β-glucuronidase에 의해 특정 부분이 분해되며 PBD로 전환될 수 있는 prodrug PBD(pPBD)를 페이로드로 사용하고 있다. pPBD는 극성을 나타내며, 이는 pPBD 형태로는 세포막 투과를 어렵게 한다. pPBD는 세포막 투과가 어렵기 때문에 혈중에서 유리되더라도 세포 내로 들어가지 못해 독성을 낮출 수 있다. 반면 종양 세포의 표적 항원과 ADC의 결합을 통해 internalization 된 이후에는 종양 세포 내 풍부한 β-glucuronidase로 인해 빠르게 PBD로 전환될 수 있으며, PBD와 비슷한 수준의 항종양 효과를 가진다. pPBD를 적용한 LCB71(ROR1 ADC)의 초기 임상 결과가 지난해 말 파트너사인 Cstone에 의해 공개되었으며, 올해 ASCO에서도 발표가 되었다. LCB71은 156ug/kg 코호트까지 용량 증가를 했음에도 DLT와 MTD가 나타나지 않았다. 혈소판 감소와 호중구 감소 환자들도 10% 미만으로 뛰어난 안전성을 확인할 수 있었다. pPBD의 뛰어난 안전성은 더 높은 용량의 ADC 투약이 가능할 것으로 예상하며, 고형암 대상 ADC에서도 pPBD를 적용할 수 있을 것으로 판단한다. <b>Novel Top1i 로 CPT 내성 시장 타겟 </b>캐싸일라와 직접 비교 임상이었던 DB-03에서 엔허투가 엔허투가 같은 trastuzumab 항체 ADC인 캐싸일라에 비해 압도적인 임상 결과를 보였고, DB-04, DB-06에서 처음으로 HER2-low(IHC1+ or IHC2+/ISH-), HER2-ultralow(IHC &gt;0&lt;1+)에서도 화학 요법 대비 유의미한 차이를 보이면서 bystander effect는 ADC에서 필수적으로 여겨지고 있다. Bystander effect를 위해 cleavable linker ADC가 개발 중인 ADC의 대부분을 차지하고 있으며 페이로드에서도 bystander effect가 검증된 Topoisomerase 1 inhibitor(Top1i)에 대한 기술 수요가 높다. 현재 ADC의 페이로드로 사용되고 있는 Top1i의 대부분이 Camtothecin(CPT)의 유사체인 exatecan이나 exatecan에서 일부 변형된 형태가 사용되고 있다. 다른 항암제와 마찬가지로 ADC도 투약 이후 내성이 발생하게 되며, 내성 기전 중 페이로드에 대한 내성 발생도 포함된다. 따라서 Exatecan 계열 페이로드가 적용된 ADC들이 증가함에 따라 Exatecan 내성에 효과적인 페이로드에 대한 수요는 높아질 것으로 전망한다. 동사는 신규 물질로 LCB37을 가지고 있으며 LCB37은 non-CPT 구조의 Top1i로 CPT 내성에 효과적일 것으로 예상된다. LCB37은 단독으로도 투약이 가능하겠지만 ADC의 페이로드로도 적용 가능하며, 임상 단계에서 exatecan 내성 환자군 효과를 확인할 경우 페이로드 가치 향상이 예상된다. 다이이찌 산쿄는 Dxd 기반의 ADC들이 임상에서 성과를 거두면서 일본 최대 제약사인 다케다를 제치고 일본 내 제약사 중 가장 높은 시가총액을 가지고 있다. 이는 Dxd라는 우수성이 검증된 페이로드 보유에 대한 높은 기대가 반영된 것으로 판단한다. <b>STING agonist, 선천 면역 활성화 </b>cGAS-STING pathway는 바이러스, 박테리아 등의 감염에서 면역 반응을 유도하는 기전으로 세포 질 내의 DNA 조각들에 의해 유도된다. cGAS(cyclic GMP-AMP synthase)가 세포질 내의 DNA와 결합하게 되면 cGAMP를 생성한다. 생성된 cGAMP는 STING(Stimulator of Interferon Genes)과 결합해 일련의 생화학적 신호 전달 과정을 거쳐 면역 반응을 유도하는 1형 IFN(Interferon)의 생성을 증가시키고, NF-kb(Nuclear factor-kB)를 활성화시켜 염증 반응을 매개하게 된다. cGAS-STING pathway는 바이러스 등의 DNA 뿐만 아니라 종양 세포에서 나타나는 비정상적인 DNA 분절에 의한 면역 반응도 유도하게 되며 이는 종양 면역 반응에서 중요한 역할을 하고 있다. IO가 항암 치료의 중요한 backbone 약물이 되어가면서 면역과 관련된 타겟 약물 개발이 활발해지고 있으며 ADC에서도 페이로드로 면역 반응을 유도할 수 있는 STING agonist가 사용된 ADC 개발이 이루어지고 있다. Mersana therapeutics는 STING agonist ADCD인 Immunosynthen ADC를 개발 중에 있으며 HER2 ADC인 XMT-2056이 임상 1상 중으로 가장 개발 단계가 빠르다. GSK는 22년 XMT-2056에 대한 라이선스 인 계약을 체결했다. 총 13.6억달러(계약금 1억 달러)로 계약 체결 당시 XMT-2056이 전임상 단계였으며 HER2 표적 ADC가 다수 개발되고 있었다는 점에서 STING agonist에 대한 높은 기대가 반영되었다고 판단한다. XMT-2056은 그러나 23년 용량 증가 시험 중 사망자가 발생하면서 임상 진행이 보류되었으며 지난해말 용량 증량 시험의 초기 용량을 낮추면서 임상을 재개했다. 동사는 STING agonist로 LCB39를 개발 중에 있으며 낮은 세포막 투과성을 가지도록 설계함으로써 ADC와 결합된 상태로만 세포막을 투과해 세포질로 들어갈 수 있도록 했다. 정상 조직 등STING 과발현은 과도한 면역 반응을 유발하기 때문에 Cytokine release syndrome(CRS) 등의 부작용을 야기할 수 있어 저분자 화합물의 낮은 세포막 투과도는 독성 관리에서 효과적일 것으로 보인다. STING agonist를 페이로드로 한 ADC 개발은 면역 항암제와의 병용 요법을 중심으로 개발될 것으로 보이며, 대부분의 PD-(L)1 항체 의약품의 물질 특허가 20년대 말 만료되므로 PD-(L)1 항체를 보유한 빅파마들의 에버그리닝 전략으로 STING agonist에 대한 높은 관심이 예상된다. <b>맞춤형 페이로드 선택 </b>동사는 암종별 환자들의 mRNA 분석을 통해 표적 항원을 선정하는 것 뿐 아니라 항원들의 공동 발현 등에 대한 데이터를 통해 단일 항원으로는 충분히 발현되지 않은 항원들에 대해서도 BsADC를 통한 개발 전략을 가지고 있다. 암종별 항원 발현 데이터뿐 아니라 항원과 공동 발현되는 MDR1, ABCB1 등의 약물 내성의 원인이 되는 단백질의 발현도 평가를 한다. 이는 표적 항원 발현과 공동 발현되지 않는 약물 내성 단백질 수용체를 찾음으로써 효과적이고 내성 발생 가능성이 낮은 페이로드를 선택할 수 있다. ADC는 항체뿐 아니라 링커, 페이로드와 같은 케미컬적인 요소를 가지고 있는 복합 적인 모달리티로 최적의 조합을 찾는 것이 무엇보다 중요하며 동사의 ADC 개발 전략은 효율적인 항원과 가장 효과적인 페이로드의 조합을 통해 우수한 ADC 개발이 가능할 것으로 기대한다. <b>리가켐바이오 (141080) 추정재무제표 (K-IFRS 연결) </b>",NULL,유안타증권,NULL,2024-08-08,NULL,2024-08-08,4,4,4,4,103000,96000,140000,86000,97000,0.14699,0.09867,2024-08-08,5,5,0,0,4,1,0
141080,리가켐바이오,2024-08-07,89600,83400,91700,0.07434,0.099520384,956745,2024-08-08,"<b>NOT RATED (M) </b><b>리가켐바이오 </b><b>완전체 ADC 기업에 가까워져 가는 중 </b><b>기본기에 충실한 ConjuALL </b>동사의 링커 기술인 ConjuALL은 β-glucuronidase에 의해 절단되는 효소 절단 링커. β-glucuronidase는 정상 세포에는 농도가 낮으나 종양 세포에서는 높은 농도로 유지되기 때문에 혈중 안정성이 우수. 일반적으로 많이 사용되는 효소 절단 링커인 VC 링커와 비교해서도 안정적이며 LCB14의 임상 1/2상에서도 우수한 안전성 프로파일 확인. 우수한 혈중 안정성을 보이면서도 종양 세포에서는 빠르게 링커가 분해되며 페이로드를 방출. 빠른 페이로드 방출 속도는 종양 세포 내에서 높은 페이로드 농도를 구현할 수 있으며, 이는 유효성을 높이거나 낮은 용량에서도 충분한 세포 독성을 유발할 수 있어 용량 조절을 통한 독성 관리가 용이. <b>자체적인 페이로드 개발 </b>LCB71(ROR1 ADC)는 PBD를 페이로드로 사용한 ADC로 임상에서 안전성 확인. PBD는 효력이 높은 페이로드로 독성 관리가 관건. 동사는 PBD를 프로드럭 형태로 사용하며 β-glucuronidase에 의해 분해된 후에 PBD로 전환. 엔허투 이후 Top1i ADC 개발이 활발하다 CPT 계열의 Top1i들이 대부분. 따라서 Top1i 내성 시장 확대가 예상되며 비 CPT 계열의 Top1i가 필요할 것으로 판단. 동사는 비 CPT 계열의 Top1i를 개발 중. 또한 면역 조절제인 STING agonist를 적용한 ADC도 개발중으로 페이로드 확대 예상되며 자체 페이로드 파이프라인들의 임상 데이터가 쌓이며 기업 가치 상승으로 이어질 것. <b>최적의 조합을 통한 ADC 개발 전략 </b>본동사는 ADC 개발에서 암종 환자의 mRNA 유전자 분석을 통해 ADC 표적 항원을 선정. 단일 항원으로 발현량이 부족하더라도 공동 발현 항원에 따라 BsADC로 개발이 가능하며 페이로드 선정시에도 약물 내성 유전자의 공동 발현 유무를 확인해 최적의 페이로드 선정. <b>독보적인 ConjuALL 플랫폼 </b><b>β-glucuronidase linker, 우수한 혈중 안정성 </b>ADC는 세포 독성을 가진 페이로드를 안전하게 종양 세포까지 전달해야하기 때문에 혈중 링커 안정성이 약물의 독성과 내약성에서 중요하다. 특히 bystander effect의 중요성이 커지면서 세포막 투과성을 높인 페이로드의 사용이 증가하고 있어 링커 안정성은 더욱 중요해질 것으로 예상한다. ADC의 cleavable 링커는 하이드라존 링커(Hydrazon linker)와 같이 화학적으로 절단되거나 VC 링커(Valin-citruline linker)와 같이 특정 효소에 의해 절단되는 링커가 있다. 하이드라존 링커는 pH 의존적 링커로 산성 환경에서 분해되며 세포 내 리소좀의 pH는 4.5로 하이드라존 링커의 가수 분해가 발생하게 된다. 근러나 혈장에서도 가수분해가 발생할 수 있으며 이는 Off target 독성을 유발하게 된다. VC 링커 등은 리소좀의 단백질 분해효소인 cathepsin에 의해 분해되며 종양 세포에서의 높은 단백질 분해 효소 농도 및 혈중 단백질 분해효소 억제제로 인해 화학적 절단 링커보다 안정적이다. 동사의 링커 기술인 ConjuALL은 β-glucuronidase에 의해 분해되는 글루쿠로나이드 링커로 β-glucuronidase는 정상 세포에서는 농도가 낮으나 종양 세포에서 높은 농도로 유지되기 때문에 혈중 안정성이 우수하다. 동사는 동물과 사람에서 모두 VC 링커와 비교했을 때도 우수한 혈중 안정성을 보였으며 LCB14(HER2 ADC)의 임상 1/2상에서도 같은 trastuzumab 항체 ADC인 엔허투, 캐싸일라 대비 낮은 혈액 독성을 나타냈다. <b>종양 세포에서 빠른 약물 유리 속도 </b>ConjuALL은 우수한 혈중 안정성을 가지면서도 항원과 결합, 종양 세포 내로 internalization 된 이후에는 빠른 속도로 약물을 유리할 수 있다. 약물 유리 속도가 빠를 경우 종양 세포 내에서 페이로드가 단기간에 걸쳐 방출되기 때문에 종양 세포 내 높은 페이로드 농도를 구현할 수 있다. 페이로드에 사용되는 세포 독성 항암제의 효과는 약물 농도와 비례하는 특성이 있으며, 따라서 종양 세포 내 높은 페이로드 농도는 우수한 항종양 효과를 유도할 수 있다. 표적 종양 세포에서 높은 페이로드 농도가 가능하기 때문에 경쟁 ADC들 대비 낮은 투여량으로도 충분한 종양 세포 살해 효과를 유지할 수 있으면서도 독성은 낮출 수 있을 것으로 판단한다. 또한 정상 세포에서의 낮은 β-glucuronidase 농도는 internalization 이후 빠르게 페이로드를 방출할 수 없기 때문에 종양 세포에서와 같이 높은 페이로드 농도를 유도할 수 없을 것으로 보인다. 대부분의 ADC 표적 항원은 종양 세포에 특이적으로 발현량이 많으나 정상 세포에서도 일부 발현되며 정상 세포의 항원과 결합해서 발생하는 on target, off site 독성을 낮출 수 있을 것으로 판단한다. 특히 EGFR, TROP2 등 정상 세포 발현 빈도가 높은 표적 항원에서 차별화된 경쟁력을 가질 수 있을 것으로 생각한다. <b>페이로드에서도 경쟁력 강화 </b><b>pPBD 전략, 효과적으로 판단 </b>PBD(Pyrrolobenzodiazepine)는 높은 효력을 가지고 있으나 어려운 독성 관리로 인해 현재 승인된 ADC는 진론타(ADC therapeutics)가 유일하다. 진론타는 약 70%의 환자에서 혈소판 수치가 감소했으며, 호중구 감소 환자도 60% 이상으로 높은 혈액 독성을 보였다. 이는 혈액암보다 약물 높은 용량의 투여가 필요한 고형암에서 PBD ADC의 사용을 어렵게 만드는 요인으로 판단한다. 동사는 PBD의 높은 효력을 유지하면서도 PBD에 의한 독성을 관리하기 위해 β-glucuronidase에 의해 특정 부분이 분해되며 PBD로 전환될 수 있는 prodrug PBD(pPBD)를 페이로드로 사용하고 있다. pPBD는 극성을 나타내며, 이는 pPBD 형태로는 세포막 투과를 어렵게 한다. pPBD는 세포막 투과가 어렵기 때문에 혈중에서 유리되더라도 세포 내로 들어가지 못해 독성을 낮출 수 있다. 반면 종양 세포의 표적 항원과 ADC의 결합을 통해 internalization 된 이후에는 종양 세포 내 풍부한 β-glucuronidase로 인해 빠르게 PBD로 전환될 수 있으며, PBD와 비슷한 수준의 항종양 효과를 가진다. pPBD를 적용한 LCB71(ROR1 ADC)의 초기 임상 결과가 지난해 말 파트너사인 Cstone에 의해 공개되었으며, 올해 ASCO에서도 발표가 되었다. LCB71은 156ug/kg 코호트까지 용량 증가를 했음에도 DLT와 MTD가 나타나지 않았다. 혈소판 감소와 호중구 감소 환자들도 10% 미만으로 뛰어난 안전성을 확인할 수 있었다. pPBD의 뛰어난 안전성은 더 높은 용량의 ADC 투약이 가능할 것으로 예상하며, 고형암 대상 ADC에서도 pPBD를 적용할 수 있을 것으로 판단한다. <b>Novel Top1i 로 CPT 내성 시장 타겟 </b>캐싸일라와 직접 비교 임상이었던 DB-03에서 엔허투가 엔허투가 같은 trastuzumab 항체 ADC인 캐싸일라에 비해 압도적인 임상 결과를 보였고, DB-04, DB-06에서 처음으로 HER2-low(IHC1+ or IHC2+/ISH-), HER2-ultralow(IHC &gt;0&lt;1+)에서도 화학 요법 대비 유의미한 차이를 보이면서 bystander effect는 ADC에서 필수적으로 여겨지고 있다. Bystander effect를 위해 cleavable linker ADC가 개발 중인 ADC의 대부분을 차지하고 있으며 페이로드에서도 bystander effect가 검증된 Topoisomerase 1 inhibitor(Top1i)에 대한 기술 수요가 높다. 현재 ADC의 페이로드로 사용되고 있는 Top1i의 대부분이 Camtothecin(CPT)의 유사체인 exatecan이나 exatecan에서 일부 변형된 형태가 사용되고 있다. 다른 항암제와 마찬가지로 ADC도 투약 이후 내성이 발생하게 되며, 내성 기전 중 페이로드에 대한 내성 발생도 포함된다. 따라서 Exatecan 계열 페이로드가 적용된 ADC들이 증가함에 따라 Exatecan 내성에 효과적인 페이로드에 대한 수요는 높아질 것으로 전망한다. 동사는 신규 물질로 LCB37을 가지고 있으며 LCB37은 non-CPT 구조의 Top1i로 CPT 내성에 효과적일 것으로 예상된다. LCB37은 단독으로도 투약이 가능하겠지만 ADC의 페이로드로도 적용 가능하며, 임상 단계에서 exatecan 내성 환자군 효과를 확인할 경우 페이로드 가치 향상이 예상된다. 다이이찌 산쿄는 Dxd 기반의 ADC들이 임상에서 성과를 거두면서 일본 최대 제약사인 다케다를 제치고 일본 내 제약사 중 가장 높은 시가총액을 가지고 있다. 이는 Dxd라는 우수성이 검증된 페이로드 보유에 대한 높은 기대가 반영된 것으로 판단한다. <b>STING agonist, 선천 면역 활성화 </b>cGAS-STING pathway는 바이러스, 박테리아 등의 감염에서 면역 반응을 유도하는 기전으로 세포 질 내의 DNA 조각들에 의해 유도된다. cGAS(cyclic GMP-AMP synthase)가 세포질 내의 DNA와 결합하게 되면 cGAMP를 생성한다. 생성된 cGAMP는 STING(Stimulator of Interferon Genes)과 결합해 일련의 생화학적 신호 전달 과정을 거쳐 면역 반응을 유도하는 1형 IFN(Interferon)의 생성을 증가시키고, NF-kb(Nuclear factor-kB)를 활성화시켜 염증 반응을 매개하게 된다. cGAS-STING pathway는 바이러스 등의 DNA 뿐만 아니라 종양 세포에서 나타나는 비정상적인 DNA 분절에 의한 면역 반응도 유도하게 되며 이는 종양 면역 반응에서 중요한 역할을 하고 있다. IO가 항암 치료의 중요한 backbone 약물이 되어가면서 면역과 관련된 타겟 약물 개발이 활발해지고 있으며 ADC에서도 페이로드로 면역 반응을 유도할 수 있는 STING agonist가 사용된 ADC 개발이 이루어지고 있다. Mersana therapeutics는 STING agonist ADCD인 Immunosynthen ADC를 개발 중에 있으며 HER2 ADC인 XMT-2056이 임상 1상 중으로 가장 개발 단계가 빠르다. GSK는 22년 XMT-2056에 대한 라이선스 인 계약을 체결했다. 총 13.6억달러(계약금 1억 달러)로 계약 체결 당시 XMT-2056이 전임상 단계였으며 HER2 표적 ADC가 다수 개발되고 있었다는 점에서 STING agonist에 대한 높은 기대가 반영되었다고 판단한다. XMT-2056은 그러나 23년 용량 증가 시험 중 사망자가 발생하면서 임상 진행이 보류되었으며 지난해말 용량 증량 시험의 초기 용량을 낮추면서 임상을 재개했다. 동사는 STING agonist로 LCB39를 개발 중에 있으며 낮은 세포막 투과성을 가지도록 설계함으로써 ADC와 결합된 상태로만 세포막을 투과해 세포질로 들어갈 수 있도록 했다. 정상 조직 등STING 과발현은 과도한 면역 반응을 유발하기 때문에 Cytokine release syndrome(CRS) 등의 부작용을 야기할 수 있어 저분자 화합물의 낮은 세포막 투과도는 독성 관리에서 효과적일 것으로 보인다. STING agonist를 페이로드로 한 ADC 개발은 면역 항암제와의 병용 요법을 중심으로 개발될 것으로 보이며, 대부분의 PD-(L)1 항체 의약품의 물질 특허가 20년대 말 만료되므로 PD-(L)1 항체를 보유한 빅파마들의 에버그리닝 전략으로 STING agonist에 대한 높은 관심이 예상된다. <b>맞춤형 페이로드 선택 </b>동사는 암종별 환자들의 mRNA 분석을 통해 표적 항원을 선정하는 것 뿐 아니라 항원들의 공동 발현 등에 대한 데이터를 통해 단일 항원으로는 충분히 발현되지 않은 항원들에 대해서도 BsADC를 통한 개발 전략을 가지고 있다. 암종별 항원 발현 데이터뿐 아니라 항원과 공동 발현되는 MDR1, ABCB1 등의 약물 내성의 원인이 되는 단백질의 발현도 평가를 한다. 이는 표적 항원 발현과 공동 발현되지 않는 약물 내성 단백질 수용체를 찾음으로써 효과적이고 내성 발생 가능성이 낮은 페이로드를 선택할 수 있다. ADC는 항체뿐 아니라 링커, 페이로드와 같은 케미컬적인 요소를 가지고 있는 복합 적인 모달리티로 최적의 조합을 찾는 것이 무엇보다 중요하며 동사의 ADC 개발 전략은 효율적인 항원과 가장 효과적인 페이로드의 조합을 통해 우수한 ADC 개발이 가능할 것으로 기대한다. <b>리가켐바이오 (141080) 추정재무제표 (K-IFRS 연결) </b>",NULL,유안타증권,NULL,2024-08-08,NULL,2024-08-08,4,4,4,4,103000,96000,140000,86000,97000,0.14699,0.09867,2024-08-08,5,5,0,0,4,1,0
39840,디오,2024-08-06,18400,16880,18400,0.09005,0.090047393,956546,2024-08-08,"<b>.  실적 Review </b><b>디오 (039840) </b><b>ALL NEW NEO FRESH YOUNG DIO </b>2Q24 영업이익 -471억 원을 기록하며 컨센서스 63억 원을 크게 하회했습니다. 이유는 매출채권 상각, 선제적인 충당금 반영 등 재무구조 개선안을 실행하며 약 500억 원의 일시적 비용이 반영되었기 때문입니다. 앞으로는 동사의 주된 포인트였던 ‘디지털 임플란트’보다 중단기 실적 모멘텀 ‘임플란트 사업’을 중국과 인도 중심으로 개발할 예정입니다. `24년 3월 에이치PE의 경영 참여 이후 자사주 소각과 추가 매입을 공시하여 주주 환원 의지도 보여주고 있습니다. <b> 여러 재무 문제를 뜯어 고치며 2Q24 실적 기대치 하회 </b>2Q24 실적은 매출액 155억 원(YoY -64.5%, QoQ -55.6%; 컨센서스 -58.7% 하회), 영업이익 -471억 원(YoY 적전, QoQ 적전, 영업이익률 -303.4%; 컨센서스 하회)이다. 기존에 유지하던 약 300~400억 원의 분기 매출액과 시장의 기대치를 크게 하회한 이유는 최대주주 변경 후 새로운 시작을 위한 빅 배스를 단행했기 때문이다. 재무 건전성 확보를 위해 약 500억 원의 일시적 손실이 발생했다. 이는 꾸준히 동사의 실적 개선에 문제가 되었던 매출채권 규모를 줄이고, 먼저 충당금을 적립하여 매출채권 리스크를 최소화하려는 노력이었다. 판관비에서 대손상각비는 309억 원(YoY +907.6%, QoQ +1477.1%) 반영되었고, 대손충당금 설정률은 `23년 말 19.7% → 1Q24 말 20.8% → 2Q24 말 44.5%로 꾸준히 늘어나고 있다. 그로 인해 매출채권 총액은 2Q24 1,460억 원(QoQ -10.6%)으로 줄었다. 채권 수금액도 2Q24 394억 원(YoY +13.2%)으로 늘어나며 재무 구조가 건전해지고 있다. 이외에도 고금리 단기 차입금을 상환하면서(재무활동 현금흐름 380억 원 유출) 이자비용 QoQ -38.4%, 유무형자산QoQ -6.2%로 효율화 작업을 수행했다. <b> 진심을 다하는 쇄신(刷新, 碎身) </b>기업의 체질이 완전히 뒤바뀔 때 떠오르는 표현으로는 혁신이 있지만, 오늘날의 동사에게 더욱 적합한 단어는 ‘쇄신’이다. 쇄신은 표준국어대사전에 등록된 뜻이 두 가지가 있다. 그릇된 것이나 묵은 것을 버리고 새롭게 하는 刷新과 뼈를 가루로 만들고 몸을 부술 정도로 정성을 다한다는 碎身이 바로 그것이다. 산업의 후발주자로서 외형 성장만을 좇은 후 매출채권 회수가 제대로 진행되지 않아 재무에 문제가 생겼고, 현재 쇄신을 진행 중이다. 또한, `15년부터 동사의 주된 사업 포인트였던 ‘디지털 임플란트’는 장기 목표로 미루고, 중단기의 실적 성장 모멘텀인 ‘임플란트 사업’에 초점을 맞춰 회사의 무게 중심을 바꾸고 있다. 중국 이코노믹 저가 임플란트 개발 및 출시, 인도 4개주 → 25개주 영업 커버리지 확대를 통해 해당 국가를 중심으로 임플란트 사업을 개발할 계획이다. `24년 2월, 에이치PE 투자 언론 보도 이후 3월에 자본으로 인정되는 신종자본증권(전환사채) 700억 원을 발행하며 경영에 참여하기 시작했다. 그 이후 빅 배스 진행, 270억 원의 자사주 소각 및 100억 원의 추가 자사주 매입 공시를 진행하며 기업 가치를 새롭게 만들어가겠다는 의지를 행동으로 옮기고 있다. ",NULL,키움증권,NULL,2024-08-08,NULL,2024-08-08,3.75,4,3,4,26750,35000,30000,19000,29000,0.62121,0,2024-08-08,4,4,0,0,4,0,0
10130,고려아연,2024-08-07,508000,467500,510000,0.08663,0.090909091,956822,2024-08-08,NULL,NULL,BNK투자증권,NULL,2024-08-08,750000,2024-08-08,3.92857,4,3,4,650000,638000,750000,510000,645000,0.26214,0,2024-08-08,14,14,0,0,14,0,0
10130,고려아연,2024-08-07,508000,467500,510000,0.08663,0.090909091,956794,2024-08-08,"<b>COMPANY </b><b>2024. 8. 8 </b><b>고려아연 (010130) </b><b>신사업 투자와 주주 환원 강화 병행 중 </b>• 2Q24 연결 기준 영업이익은 2,687억 원으로, 컨센서스 5% 상회 • 원/달러 환율, 비철금속 및 귀금속 가격의 상승과 더불어, 회사의 부산물인 희귀 금속 가격 상승도 호실적 일부 견인 • 금속 가격 변동성 높아졌지만, 평균 가격 수준 감안 시 하반기에도 본업 실적 견고할 것. 신사업 시황 회복 기다림 필요하나, 주주 환원 강화로 기업가치 방어 노력 중 <b>WHAT’S THE STORY? </b>2Q24 실적 호조, 가격 상승의 향연: 고려아연의 2Q24 연결 기준 매출 및 영업이익은 각각 전분기 대비 28.7%, 45.6% 증가한 3.1조, 2,687억 원으로, 영업이익은 컨센서스를 5% 상회하였다. 원/달러 환율 상승, 타이트한 광산 공급에 기반한 기초 금속 가격 상승, 안전자산 선호 현상에 따른 귀금속 가격 상승에 더해, 인듐, 안티모니 등 회사가 생산하는 희귀 금속 가격 상승까지 호실적을 견인하였다. 중국 경기 회복 지연 및 미국 경기 둔화 우려 제기, 미국 대선 정국 진입에 따른 정치적 불확실성 확대 등으로 최근 비철금속 가격 변동성이 높아졌지만, 광산의 공급 감소가 쉽게 해소되진 않을 것으로 예상되기에 분기 평균 가격은 하반기에도 크게 후퇴하진 않을 것으로 예상된다. 이에 따라, 본업의 실적 흐름은 하반기에도 견고한 수준이 지속될 것으로 기대된다. 신사업 실적 기여는 기다림 필요하나, 주주 환원 강화로 기업가치 방어 노력 중: 올해 상반기에도 금속 스크랩 트레이딩 기업 Kataman 인수(740억 원), 호주 맥킨타이어 풍력발전소 지분 30% 인수(6,700억 원) 등 회사가 추구하는 2차전지 소재, 리싸이클링, 신재생 에너지 등 신사업에 대한 투자의 고삐를 늦추지 않았다. 회사의 신사업 전략은 1) 구조적 성장 영위, 2) 친환경 기조하에서 기존 제련 사업 수익성 강화 등을 추구하는 방향이지만, 아직 회사는 투자 집행 단계에 머물러 있어 실적 기여가 가시화되지 않을 뿐 아니라 2차전지 시장의 캐즘 경험 등 신사업 영역을 둘러싼 영업 환경도 현재 우호적이라 하기 어려워 신사업 가치가 기업가치에 당장 적극적으로 반영되긴 어려운 상황이다. 다만, 회사는 지난 5월 1,500억 원의 자사주 매입 (일부 소각 목적)에 더해, 전일 4,000억 원(지분율 4%)의 추가 자사주 매입(소각 포함 주주가치 제고 목적)을 발표하였다. 또한, 중간 배당 DPS 10,000원(배당액 2,055억 원)으로 전년 수준을 유지함에 따라 배당과 자사주 매입 총액은 이미 작년 약 4,000억 원 수준을 초과하고 있다(참고로, 회사는 총 주주 환원액을 배당 및 자사주 소각액 합산으로 설정 중). 이처럼 중장기 기업가치 제고를 위해 신사업의 이익 기여를 기다려야 하는 상황에서 회사는 본업의 견고한 실적을 토대로 주주 환원 강화를 통해 단기 기업가치 제고 노력을 기울이고 있다고 판단되는 바, BUY 투자의견을 유지한다. <b>Compliance notice </b>",NULL,삼성증권,670000,2024-08-08,670000,2024-08-08,3.92857,4,3,4,650000,638000,750000,510000,645000,0.26214,0,2024-08-08,14,14,0,0,14,0,0
10130,고려아연,2024-08-07,508000,467500,510000,0.08663,0.090909091,956804,2024-08-08,"<b>고려아연 </b><b>(010130) </b><b>수익성 안정화 증명, 기업 가치 상승을 향해 </b>◼ 연결 영업이익 2,687억원(+72.6% yoy) 기록. 컨센서스 소폭 상회 3분기도 판매량 정상화로 견조할 것. 4천억원 규모 자사주 매입 결정 환영 <b>투자의견 매수, 목표주가 670,000원으로 6.3% 상향 </b>목표주가는 2024E BPS 471,237원에 타깃 PBR 1.43배 적용. 타깃 PBR은 과거 귀금속 가격 상승기 초입의 평균 PBR을 적용 <b>2Q24 Review 수익성 안정화 증명 </b>2Q24 연결기준 매출액 3.06조원(+23.8% yoy), 영업이익 2,687억원(+72.6% yoy), 영업이익률 8.8%(+2.5%p yoy) 기록. 시장 컨센서스 대비 소폭 상회 별도 매출은 정광 선적 지연 및 퓨머 공정 합리화로 인해 기존 가이던스 레벨 대비 생산∙판매량이 부족하게 나타나면서 당사 추정치 대비 부족했으나, 1) 전분기 대비 금속가격 급등(아연 +16%, 연 +4%, 금 +13%, 은 +23%, 구리 +16%)과 2) 원/달러 환율 +3% 상승, 3) 구리 판매량 상승(1Q24 7,529MT → 2Q24 7,974MT)으로 수익성이 크게 개선되면서 영업이익은 당사 추정치에 부합했음 연결자회사 합산 영업이익은 7개 분기만에 흑자전환에 성공. 서린상사가 메탈가격 및 환율 상승 효과로 OPM이 6%로 준수했고, SMC도 페리옥사이드 공정 안정화로 아연 회수율이 크게 증가하며 판매량이 개선되고 OPM도 7.8%를 기록. 스틸싸이클도 원료 다변화 및 가동률 상승으로 6개 분기 만에 흑자전환에 성공 <b>기업 가치 상승을 향해 </b>2분기가 정광 선적지연으로 매출이 부족했음에도 시장 눈높이를 상회하는 실적을 달성. 3분기는 최근 메탈 가격 조정을 감안하고도 정상적인 가동률로 주요 산업금속의 생산∙판매량 정상화가 기대되며, 연 수요의 계절적 상승 구간에서 가격 강세가 지속되고 있는 귀금속 역시 연간 가이던스를 따라잡는 판매 회복 가능할 전망 8/7 공시를 통해 반기 1만원 배당과 함께 4천억원 규모의 자사주 매입 계획 발표. 매입한 자사주는 소각 등을 포함한 주주환원 목적으로 활용될 예정. 적어도 연간 4천억원 수준의 총주주환원금액을 유지하겠다는 의지가 명확한 것은 반가운 소식 <b>재무제표 </b><b>[Compliance Notice] </b>",NULL,대신증권,670000,2024-08-08,630000,2024-08-08,3.92857,4,3,4,650000,638000,750000,510000,645000,0.26214,0,2024-08-08,14,14,0,0,14,0,0
36620,감성코퍼레이션,2024-08-08,3375,3115,3515,0.08347,0.128410915,956565,2024-08-08,"<b>감성코퍼레이션 (036620.KQ)</b><b>낭중지추</b>2분기에도 영업이익 30% y-y 이상 성장 예상. 타 의류 상장사와는 확연히 차별화되는 성장세. 9월 중순 TV 광고 론칭 이후 주력 제품 매출확대 예상. 올해 시작되는 일본향 수출은 내년 본격 성장 기대<b>경기 침체에 따른 악화를 우려하기에는 너무 좋은 실적</b>1분기에 이어 2분기에도 양호한 실적 예상. 2분기 매출액 490억원(+22.4% y-y), 영업이익 101억원(+30.2% y-y)으로 영업이익률 20% 상회 예상. 3분기에는 B2B향 매출 확보로 비수기 공백도 없을 전망9월 중순 TV 광고 론칭 이후 주력 제품인 경량 패딩과 헤비아우터 등의 본격적판매 증가 예상. 올해 동사 스노우피크어패럴 매출은 전년 대비 37% 성장한2,200억원 기록 예상. 경기 침체와 소비 둔화로 올해 타 의류 기업들의 실적 역성장이 예상됨을 감안할 때 동사의 성장세는 더욱 돋보이는 상황2024년 연간 실적은 매출액 2,344억원(+31.7% y-y), 영업이익 436억원(+35.2% y-y) 예상. 시즌을 거듭하면서 스타일이 다양화되고 있을 뿐 아니라신발 등으로 카테고리로 확장되고 있어 지속적인 성장을 기대<b>일본 수출 성장과 적극적인 주주 환원이 포인트</b>올해 일본 내에서 동사 스노우피크어패럴 제품 판매 개시 예상. 일본향 수출 확장은 내년 본격화 기대. 지난 4월 발표한 중장기 주주 환원 정책에도 주목 필요. 동사는 3년 당기순이익의 50%를 주주에 환원하겠다고 공시. 이는 당사 예상에따르면 688억원의 규모로 자사주 매입 및 소각 그리고 배당에 활용될 것. 동사와 같은 고성장 중소기업 중 이와 같은 적극적 주주환원 정책을 제시한 기업은찾아보기 어려운 바, 중장기적으로 주가 흐름에 긍정적으로 작용할 것<b>Summary</b>1991년 아이오시스템으로 설립, 2000년 1월 코스닥 상장. 사명을 기존 버추얼텍에서 2021년 3월 감성코퍼레이션으로변경. 김호선 대표 취임 이후 가상현실(VR) 관련 솔루션, 암호화폐 채굴 솔루션 등 기존 사업이 아닌 스노우피크 등 브랜드 사업에 집중. 휴대폰 주변기기(충전기) 사업에서 160억원 안팎의 매출이 안정적으로 발생 중. 최대주주는 김호선대표로 23.3% 지분 보유 중이며 특수관계인 포함 지분 30.1%를 보유. 참고로 스노우피크가 4.2% 지분을 보유 중",NULL,NH투자증권,NULL,2024-08-08,NULL,2024-08-08,4,4,4,4,5600,5600,5600,5600,5600,0.65926,0,2024-08-08,1,1,0,0,1,0,0
399720,가온칩스,2024-08-06,44050,40750,44500,0.08098,0.09202454,956432,2024-08-08,"<b>가온칩스(399720) </b><b>미제시 </b><b>지금 살가온? </b><b>삼성 파운드리 대표 디자인하우스 </b>가온칩스는 2012년에 설립된 디자인하우스 업체다. 디자인하우스는 팹리스(설계)가 설계한 칩을 파운드리(생산)가 구현할 수 있게 변환해 주는 중요한 교량 역할을 수행한다. 가온칩스는 2014년 삼성전자 용역 위주의 업무를 수행하는 VDP (Virtual Design Partner)에 등록됐고, 2019년에는 직접 영업까지 할 수 있는 DSP(Design Solution Partner)로 전환됐다. 삼성 파운드리는 총 8개의 DSP를 보유하고 있으며 가온칩스를 비롯해 에이디테크놀로지, 코아시아세미 등이 있다. 2023년까지 수행한 프로젝트 중 10nm 이하의 선단 공정 비중은 52%를 기록했으며 2024년 그 비중은 72%까지 높아질 전망이다. <b>수주 레퍼런스가 곧 경쟁력 </b>디자인하우스의 경쟁력은 과거 수주 레퍼런스에서 나온다. 특히 해외 진출에 있어 첫 수주가 가장 오래 걸리고 어렵다. 가온칩스는 해외 진출을 위해 지속적으로 노력해왔다. 2022년 9월 일본 자회사 설립 후 1년 6개월 만인 2024년 2월 일본 고객사와 557억원 규모의 개발 계약을 체결했다. 국내 DSP 중 유일하게 일본에서 수주에 성공했다. 특히 이번 계약은 AI 관련 과제며 2nm 공정을 사용할 예정이다. 이번 레퍼런스를 바탕으로 기타 아시아 지역에서의 추가 수주가 예상된다. <b>삼성 ‘원스톱’ AI 솔루션 전략 수혜주 </b>2024년 7월 9일 개최된 ‘삼성파운드리포럼 SAFE 2024’에서 삼성전자는 파운드리와 메모리, 패키지까지 ‘원스톱’ 턴키 솔루션을 재차 강조했다. ‘원스톱’ 턴키 솔루션 사용시 고객사는 최대 20% 이상의 개발 기간을 단축시킬 수 있다. 가온칩스는 삼성전자의 턴키 솔루션에 맞춰 SPEC 및 IDEA 협의부터 후공정까지 턴키(Turn-Key, 레벨0) 솔루션 역량을 쌓아왔다. 이번 포럼에 삼성전자는 2nm 기반 AI 가속기 반도체를 수주했다고 발표했고, 가온칩스와 협업할 것이라고 공식적으로 밝혔다. 이번 개발에는 삼성전자의 2.5D 패키징(I-Cube S)을 활용할 예정인 만큼 가온칩스의 턴키 솔루션 역량이 더 강화될 것이다. <b>정당한 밸류에이션 프리미엄 </b>2023년 국내 디자인하우스 업체들은 산업 성장 기대감에 힘입어 높은 밸류에이션을 받았다. 가온칩스의 2023년 평균 PER은 103배로 글로벌 1, 2위 디자인하우스인 GUC, Alchip의 평균 69배보다 프리미엄을 받고 있다. 그렇지만 가온칩스의 밸류에이션 프리미엄은 정당하다고 판단한다. 가온칩스는 높은 매출액 증가율을 기록하고 있으며 고객사를 국내에서 해외로 넓혀가는 성장 단계에 있기 때문이다. Fnguide에 따르면 가온칩스의 매출액 증가율은 2024년 및 2025년 각각 52.1%, 70.1%로 GUC, Alchip 평균 26.5%, 25.2%보다 높다. 또한 가온칩스는 국내 DSP 중 유일하게 일본 시장에서 첫 수주에 성공했다. 이번 수주는 2nm 기반 AI 관련 프로젝트다. 이번 레퍼런스를 바탕으로 향후 글로벌 고객사 추가 확보가 예상된다. 국내 DSP 중 가장 많은 AI 및 선단 노드 위주의 레퍼런스를 보유한 만큼 높은 밸류에이션을 받기에 충분하다. <b>이럴 때일수록 실적 </b>1분기 매출액은 179억원(-14.4% QoQ), 영업적자 6.1억원(적자전환 QoQ)을 기록했으며 2분기 매출액은 215억원(+20.1% QoQ), 영업이익 7억원(흑자전환 QoQ)을 기록할 전망이다. 상반기 부진한 실적이 예상되지만 본격적인 성장은 하반기에 나타날 것이다. 개발매출(NRE, Non-Recurring Engineering)의 경우 개발 진도에 따라 매출로 인식된다. 가온칩스의 주요 개발 프로젝트가 모두 3분기와 4분기에 집중적으로 반영될 예정이다. 여기에 추가적인 수주 성과 및 차량용 반도체 양산매출에 힘입어 하반기 실적은 크게 증가할 것이다. 컨센서스 기준 2024년 연간 매출액은 960억원(+50.9% YoY), 영업이익은 81억원(+86.2% YoY)을 기록할 전망이다. 가온칩스에 대해 긍정적인 의견을 제시한다. <b>1. 디자인하우스에서 디자인솔루션 업체로 </b>디자인하우스의 사업영역이 확대되며 디자인하우스에서 디자인솔루션 업체로 발전했다. 칩 개발 단계에 따라 프론트엔드(Front-end)와 백엔드(Back-end)로 구분할 수 있고, 디자인하우스는 이를 레벨 0~3까지 네 단계로 구분하고 있다. 과거 디자인하우스는 팹리스(설계)가 설계한 칩을 제조 공정에서 파운드리(생산)가 구현할 수 있게 변환해 주는 백엔드(레벨2) 위주의 업무만 수행했다. <b>&lt;표 2&gt; 디자인하우스 설계 레벨 설명 </b>완료된 소스코드를 RTL(Register Transfer Level)로 변환시키는 단계. RTL 은 일종의 중간단계 언어 물리 합성: 검증이 완료된 RTL 언어를 Netlist 로 전환하고 물리적인 도면으로 변환시키는 작업을 의미. Netlist 는 반도체의 기본 소자인 Gate 간 연결 관계를 표현. 전환된 Netlist 는 테스트 검증 후 P&R 하지만 최근 프론트엔드 및 후공정 영역까지 확장하여 지원하고 있다. 특히 초기 단계인 SPEC 및 IDEA 협의부터 최종 납품 및 관리까지 턴키(Turn-Key, 레벨0) 솔루션을 지원하기 시작했다. 레벨0으로 갈수록 부가가치가 높아 수익성이 좋아진다. 디자인하우스의 사업 영역이 넓혀지면서 디자인솔루션 업체로 한 단계 업그레이드됐다. 디자인하우스가 프론트엔드까지 설계 영역을 확장하게 된 가장 큰 이유는 설계 효율에 있다. 대부분의 신생 팹리스 업체들은 제한적인 인력 및 낮은 IP 역량으로 자체 설계 대신 글로벌 IP 업체와 파트너십을 보유한 디자인하우스와의 협업을 선택했다. 칩을 설계한 사례들을 살펴보면, 전통적인 칩 개발방식 대비 개발비용은 63%, 개발기간은 최대 48% 단축에 성공했다. <b>2. 삼성 DSP 점검: AI, 양산, 그리고 플랫폼 </b>디자인하우스는 파운드리와 공존한다. TSMC는 오랜 업력과 단단한 파운드리 생태계를 만들어 디자인하우스와 동반 성장을 이뤄냈다. 현재 글로벌 디자인하우스 시가총액 1, 2위(GUC, Alchip)업체 모두 대만 업체다. TSMC VCA(Value Chain Aggregators)를 살펴보면 디자인하우스의 미래 경쟁력은 AI, 양산, 그리고 플랫폼에서 나온다. 가온칩스의 AI 과제 점유율, 양산 가시성 및 플랫폼 경쟁력이 국내 DSP 중 가장 높다. 국내 DSP 중 가온칩스가 가장 경쟁력이 있다고 판단한다. 1) 빠르게 성장하는 AI 반도체 시장 - AI 및 선단 노드 레퍼런스에 주목 ChatGPT가 촉발한 AI 붐으로 AI 반도체 시장은 빠르게 성장하고 있다. Gartner에 따르면 2023년 기준 전체 AI 반도체 시장은 약 536억 달러를 기록했으며 2024년에는 713억 달러로 전년 동기대비 32.8% 증가할 것으로 전망했다. AI 반도체는 높은 수준의 기술력을 요구한다. 때문에 AI 및 선단 노드 레퍼런스 비중이 많은 국내 DSP에 주목해야 할 시점이다. 국내 DSP 중 가온칩스가 이에 가장 적합하다고 판단한다. 가온칩스의 2023년 응용처별 매출액 비중은 Automotive 47%, AI/HPC 24%를 기록했다. Automotive 중 상당 부분이 ADAS, 즉 자율주행 관련 칩인 점을 감안하면 AI 부문의 비중은 더 높을 것이다. 동기간 공정별 매출액 비중을 살펴보면 10nm 미만이 52%, 20nm 미만이 28%, 40nm 미만이 14%, 180nm 미만이 7%를 기록했다. 주요 경쟁사와 비교해도 가온칩스의 우위를 확인 할 수 있다. 가온칩스는 2024년 2월 일본 AI 유니콘 기업과 556억원 규모의 AI(2nm) 관련 개발 매출 수주를 공시했다. 국내 DSP 중 일본에서의 첫 수주 성과다. 이번 수주가 AI 관련 프로젝트인 만큼 해당 레퍼런스를 바탕으로 향후 추가적인 수주가 기대된다. 이번 수주를 통해 2024년 선단 노드 및 AI 관련 매출 비중은 더 높아질 것이며 10nm 이하 비중은 72%로 전년 동기대비 20%p 증가할 것이다. 특히 TSMC의 VCA를 살펴보면 AI 및 선단 노드에 대한 레퍼런스의 중요성을 재차 확인할 수 있다. 대만 TSMC의 VCA인 GUC와 Alchip은 글로벌 디자인하우스 시가총액 1, 2위 업체다. GUC가 꾸준히 연간 매출액 1위를 수성해 왔지만 2023년 Alchip에게 1위를 내주게 되었다. Alchip이 북미 대형 고객사(아마존, 인텔 등) 유치로 개발 및 양산매출이 크게 증가했기 때문이다. Alchip이 북미 대형 고객사 유치가 가능했던 이유는 그동안의 선단 노드 레퍼런스 축적, 그리고 AI/HPC 프로젝트 위주의 수주 경험이 많았기 때문이다. 2021년 기준 7nm 이하 공정별 매출 비중으로 봤을 때 GUC는 20%, Alchip은 60%, AI향 매출 비중으로도 GUC가 17%, Alchip은 81%로 모든 부문에서 높았다. 팹리스가 디자인하우스를 선택할 때 레퍼런스를 가장 큰 기준으로 두기 때문에 Alchip이 선택을 받았다. 국내 DSP 중 AI 및 선단 노드 레퍼런스가 많은 기업인 가온칩스의 미래 성장성이 더 높을 것이다. 2) 양산매출 - 지속가능 성장의 발판 디자인하우스의 비즈니스 영역은 크게 개발매출(NRE, Non-Recurring Engineering)과 양산매출로 구분할 수 있다. 개발매출의 경우 많은 엔지니어가 투입되는 반면 양산매출은 최소한의 관리 인력만 투입되기 때문에 디자인하우스에게 있어 매력적인 매출처다. 양산매출의 경우 제품 사이클이 평균 5~10년으로 매출과 이익이 누적으로 쌓이며 큰 폭으로 증가하는 구조다. 따라서 국내 DSP 중 향후 메이저 고객사 확보 가능성, 양산매출 성장률이 가장 높을 디자인하우스에 주목해야 한다. 국내 DSP의 경우 산업 성장 초기에 있기 때문에 아직은 양산매출의 비중이 크지 않다. 2023년 기준 가온칩스의 양산매출 비중은 20% 미만이고, 에이디테크놀로지도 DSP로 전환 이후 35% 수준, 비상장사인 세미파이브는 아직 유의미한 양산매출이 없는 상태다. 하지만 2024년을 기점으로 2025년에는 가온칩스의 양산매출이 개발매출을 넘어서는 원년이 될 것이다. 주력 제품인 AI 및 차량용 반도체 양산 매출이 크게 올라올 것으로 전망되기 때문이다. 특히 가온칩스는 국내 최대 차량용 반도체 팹리스 기업인 텔레칩스를 고객사로 확보하는데에 성공했다. 텔레칩스는 차량용 AP, ADAS, 자율주행 등 첨단 반도체칩 사업을 추진하고 있다. 2025년 매출액은 사상 첫 2,400억원을 돌파할 것으로 전망되며 가온칩스의 양산 물량은 동반 증가할 것이다. GUC와 Alchip의 개발 및 양산매출 비중을 살펴보면 모두 양산매출이 압도적으로 많다. 2023년 기준 GUC의 양산매출은 75%, Alchip은 98%를 기록했다. Alchip의 양산매출 비중이 GUC보다 높은 이유는 고객사 때문이다. Alchip이 아마존, 인텔 등 주요 빅테크 업체를 고객사로 확보에 성공하면서 양산매출이 크게 성장했다. 가온칩스가 텔레칩스라는 주요 고객사를 확보한 만큼, 국내 DSP 중 양산매출 증가율이 가장 높을 것으로 전망한다. 3) 엔지니어 인력 비교 - 플랫폼의 중요성 엔지니어 인력은 디자인하우스의 개발 Capa로 볼 수 있다. 때문에 많은 엔지니어를 채용 시 많은 개발 및 양산 프로젝트를 소화해낼 수 있을 것이다. 하지만 국내 DSP의 경우 아직 의미 있는 양산매출이 없기 때문에 많은 인력은 곧 비용 부담으로 작용할 수 있다. 이를 해결하기위해 디자인하우스는 엔지니어의 설계를 돕는 자사만의 자동화 플랫폼을 보유하고 있다. 적은 인력에도 높은 수준의 자동화 플랫폼을 가지고 있다면 업무가 훨씬 효율적이고 비용을 아낄 수 있을 것이다. 2023년 기준 가온칩스의 엔지니어 인력은 236명으로 가장 적지만 인당 매출액은 2.7억원으로 국내 DSP 중 가장 높은 수준을 기록했다. 높은 인당 매출액은 플랫폼 경쟁력뿐만 아니라 고부가가치 프로젝트 위주의 수주도 의미한다. 가온칩스는 경쟁사 대비 선단 공정 비중이 가장 높고, AI 및 차량용 관련 프로젝트 비중이 가장 많다. 부가가치가 높은 프로젝트 위주의 수주가 매출액 증대에 도움이 됐을 것이다. 높은 수준의 플랫폼 및 고부가가치 프로젝트 위주의 수주를 통해 2024년, 2025년 큰 폭의 외형 성장을 이뤄낼 것이다. <b>&lt;표 6&gt; 주요 연혁 </b>해 논리적으로 기술을 하며, 기능적으로 검증하는 단계지를 의미 • 백엔드(Back-end): 프런트엔드 이후에 해당하는 논리설계를 실제 제작에 사용될 공정에 맞게 합성(synthesis)하고, 웨이퍼 위에 배치 및 배선(Place&Route)하고, 물리적인 타이밍을 고려한 시뮬레이션 검증까지 진행해서 파운드리에 Tape-Out: 반도체를 위탁 생산하기 위한 물리적인 설계, 즉 웨이퍼상에 실제로 제작될 컴포넌트들의 배치와 연결에 (Combinational Logic)를 이용하여 synchronous(동기) 디지털회로를 설계하는 레벨을 의미 • 반도체 EDA: Electronic Design Automation, 복잡하고 미세한 반도체 회로를 설계하는데 필수적인 소프트웨어로서 반도체 로직 설계, 회로 설계, 레이아웃 생성뿐만 아니라 설계를 시뮬레이션함으로써 기능을 검증해 볼 수 있는 소프FPGA(Field Programmable Gate Array): CPU나 GPU와 같은 용도가 정해진 반도체와 달리 칩 내부 회로를 용도에 InFO-PoP: 스택형 InFO 패키지 기술 기반 TSMC의 InFO패키지 위에 반도체 패키지를 탑재하는 패키지 기술 ",NULL,한국투자증권,NULL,2024-08-08,NULL,2024-08-08,4,4,4,4,100000,160000,100000,100000,100000,1.22965,0,2024-08-08,1,1,0,0,1,0,0
79550,LIG넥스원,2024-08-06,191000,179600,198700,0.06347,0.106347439,956671,2024-08-08,"<b>Company Note </b><b>LIG넥스원 </b><b>(079550) </b><b>로봇과 유도무기가 이끌 성장 </b><b>투자포인트 및 결론 </b>- 2Q24 동사의 실적은 매출액 6,047억원(-20.8% qoq, +10.8% yoy), 영업이익 491억원(-26.6% qoq, +22.2% yoy)을 기록 - 1)정밀타격분야(PGM)는 매출액 2,611억원(-2.5% yoy)을 기록. 현궁 양산사업의 차수 전환과 자항기뢰 사업 종료 등에 따른 매출 감소 영향을 받았음. 2)지휘통제(C4I)는 매출액 1,252억원(+1.8% yoy)을 기록, TMMR 2차 양산, 폴란드 K2전차 등이 매출 증가에 기여. 3)감시정찰(ISR)은 매출액 1,185억원(+30.1% yoy)으로 차기국지공레이더, 함정용 소나 등 양산 사업이 기여. 4)항공/전자(AEW)는 매출액 832억원(+60.3% yoy)으로 백두체계 능력보강 2차 사업, 함정용 전자전장비 양산 및 함정용 전자전장비-II 체계개발 등이 매출 증가에 기여 - 2Q24 영업이익률은 8.1%를 기록하면서 시장 컨센서스 하회. 하지만 2H24 수출 관련 양산 매출이 늘어나면서 실적이 개선될 것으로 전망 <b>주요이슈 및 실적전망 </b>- 동사는 지난 8월 5일 미국 GRC 지분 인수를 마무리함으로써 총 5,540억원 중 3,320억원에 해당하는 지분 60%를 확보. GRC의 대표 제품인 ‘비전60’이 미군에 실제 납품 및 적용되고 있는 만큼 글로벌 국방 로봇 시장 진출에서 우위를 선점한 것으로 판단. 현재 이스라엘-하마스 전에 GRC의 비전60이 투입되고 있으며, 일본 자위대에서도 도입을 검토하고 있는 것으로 알려져 글로벌 성장세가 높은 것으로 판단. 글로벌 군용 로봇 시장은 2021년 21조원에서 2030년 45조원 규모로 성장할 것으로 기대 - 유도로켓 ‘비궁’ 역시 지난 7월 미 국방부 주관 FCT 평가를 최종 통과함으로써 미국 수주 기대감이 높아지고 있음. 해궁은 말레이시아와 최종 수출 논의 중이며, 신궁은 루마니아와 1,180억원 규모 수출을 논의 중. 수출 다변화를 통한 실적 리레이팅이 가능할 것으로 전망 <b>주가전망 및 Valuation </b>- 최근 중동 전쟁 확산, 글로벌 국방비 지출 증가, 트럼프 피격 이후 미국 공화당 당선 가능성 증가 등 방산 산업의 우호적인 환경 속에 동사의 수출 모멘텀 역시 확대될 것으로 기대되며, GRC 인수 완료를 통한 군사용 로봇 시장 밸류에이션 리레이팅 역시 기대해 볼만함 - 동사의 목표주가를 2025년 EPS 12,524원에 국내 주요 방산업체 평균 P/E 21.0x 적용하여 260,000원으로 상향 <b>ESG Index & Summary Report </b>",NULL,현대차증권,260000,2024-08-08,160000,2024-08-08,3.94118,4,3,4,249941.1765,201117.6471,275000,195000,255000,0.2252,0.00252,2024-08-08,17,17,0,0,16,1,0
79550,LIG넥스원,2024-08-07,202500,191000,207500,0.06021,0.086387435,956671,2024-08-08,"<b>Company Note </b><b>LIG넥스원 </b><b>(079550) </b><b>로봇과 유도무기가 이끌 성장 </b><b>투자포인트 및 결론 </b>- 2Q24 동사의 실적은 매출액 6,047억원(-20.8% qoq, +10.8% yoy), 영업이익 491억원(-26.6% qoq, +22.2% yoy)을 기록 - 1)정밀타격분야(PGM)는 매출액 2,611억원(-2.5% yoy)을 기록. 현궁 양산사업의 차수 전환과 자항기뢰 사업 종료 등에 따른 매출 감소 영향을 받았음. 2)지휘통제(C4I)는 매출액 1,252억원(+1.8% yoy)을 기록, TMMR 2차 양산, 폴란드 K2전차 등이 매출 증가에 기여. 3)감시정찰(ISR)은 매출액 1,185억원(+30.1% yoy)으로 차기국지공레이더, 함정용 소나 등 양산 사업이 기여. 4)항공/전자(AEW)는 매출액 832억원(+60.3% yoy)으로 백두체계 능력보강 2차 사업, 함정용 전자전장비 양산 및 함정용 전자전장비-II 체계개발 등이 매출 증가에 기여 - 2Q24 영업이익률은 8.1%를 기록하면서 시장 컨센서스 하회. 하지만 2H24 수출 관련 양산 매출이 늘어나면서 실적이 개선될 것으로 전망 <b>주요이슈 및 실적전망 </b>- 동사는 지난 8월 5일 미국 GRC 지분 인수를 마무리함으로써 총 5,540억원 중 3,320억원에 해당하는 지분 60%를 확보. GRC의 대표 제품인 ‘비전60’이 미군에 실제 납품 및 적용되고 있는 만큼 글로벌 국방 로봇 시장 진출에서 우위를 선점한 것으로 판단. 현재 이스라엘-하마스 전에 GRC의 비전60이 투입되고 있으며, 일본 자위대에서도 도입을 검토하고 있는 것으로 알려져 글로벌 성장세가 높은 것으로 판단. 글로벌 군용 로봇 시장은 2021년 21조원에서 2030년 45조원 규모로 성장할 것으로 기대 - 유도로켓 ‘비궁’ 역시 지난 7월 미 국방부 주관 FCT 평가를 최종 통과함으로써 미국 수주 기대감이 높아지고 있음. 해궁은 말레이시아와 최종 수출 논의 중이며, 신궁은 루마니아와 1,180억원 규모 수출을 논의 중. 수출 다변화를 통한 실적 리레이팅이 가능할 것으로 전망 <b>주가전망 및 Valuation </b>- 최근 중동 전쟁 확산, 글로벌 국방비 지출 증가, 트럼프 피격 이후 미국 공화당 당선 가능성 증가 등 방산 산업의 우호적인 환경 속에 동사의 수출 모멘텀 역시 확대될 것으로 기대되며, GRC 인수 완료를 통한 군사용 로봇 시장 밸류에이션 리레이팅 역시 기대해 볼만함 - 동사의 목표주가를 2025년 EPS 12,524원에 국내 주요 방산업체 평균 P/E 21.0x 적용하여 260,000원으로 상향 <b>ESG Index & Summary Report </b>",NULL,현대차증권,260000,2024-08-08,160000,2024-08-08,3.94118,4,3,4,249941.1765,201117.6471,275000,195000,255000,0.2252,0.00252,2024-08-08,17,17,0,0,16,1,0
11070,LG이노텍,2024-08-06,231000,217500,236500,0.06207,0.087356322,956524,2024-08-08,"<b>LG이노텍 (011070) </b><b>아이폰 교체 사이클 기대 </b>LG이노텍 목표주가 400,000원, Buy를 유지한다. 이는 향후 2년간 온디바이스 AI폰 수요 증가로 아이폰 업그레이드 사이클 진입이 기대되기 때문이다. 올해 아이폰 출하량은 전년대비 +7% 증가한 2억 4,100만대로 추정되어 2021년 최대 출하량 2억 3,700만대를 경신할 전망이다. 따라서 향후 2년간 (2024~2025년) 아이폰 출하량은 5억대 상회가 예상되어 2021~2022년 아이폰 강세 사이클 출하량 4억 6,400만대를 넘어 사상 최대치를 달성할 것으로 추정된다. 특히 향후 2년간 2억 8,800만대 아이폰에 카메라모듈 공급이 예상되는 LG이노텍은 점유율 58%로 1위를 기록할 전망이다. 올 하반기 LG이노텍 영업이익은 시장 예상치 (7,898억원)를 상회하며 사상 최대치 달성이 기대된다. 하반기 영업이익은 8,210억원으로 2021년 하반기 (7,645억원) 이후 3년 만에 최대 실적을 경신할 전망이다. 이는 ① 고부가 아이폰 모델의 광학 솔루션이 진화됨에 따라 기술적 진입 장벽으로 중국 경쟁사의 점유율 확대가 현실적으로 쉽지 않고, ② 반도체 기판 영업이익률이 2022년 이후 2년 만에 +11%를 상회하며 실적 개선을 견인할 것으로 예상되기 때문이다. 올해 LG이노텍 영업이익은 전년대비 +38% 증가한 1조 1,487억원으로 예상되고, 내년 영업이익은 전년대비 +20% 증가한 1조 3,820억원으로 사상 최대 실적 달성이 전망된다. 특히 LG이노텍은 향후 2년간 5억대 아이폰 출하량 중 2.9억대 아이폰에 카메라모듈 공급이 추정되어 아이폰 카메라모듈 공급 점유율 58%로 1위를 기록할 것으로 예상된다. 최근 1개월간 -10% 하락한 현재 주가는 12개월 선행 PBR 0.9배, PER 6.2배로 과거 10년 역사적 하단 평균을 하회하고 있어 아이폰 카메라의 글로벌 경쟁우위, 이에 기반한 올 하반기와 내년 사상 최대 실적 경신 등을 감안하면 글로벌 카메라모듈 1위 업체로서의 기업가치 재평가가 기대된다. ",NULL,KB증권,400000,2024-08-08,400000,2024-08-08,3.95238,4,3,4,345142.8571,294888.8889,400000,300000,350000,0.42034,0,2024-08-08,21,21,0,0,21,0,0
11070,LG이노텍,2024-08-06,231000,217500,236500,0.06207,0.087356322,956772,2024-08-08,NULL,NULL,KB증권,400000,2024-08-08,400000,2024-08-08,3.95238,4,3,4,345142.8571,294888.8889,400000,300000,350000,0.42034,0,2024-08-08,21,21,0,0,21,0,0
403870,HPSP,2024-08-06,25900,23450,26700,0.10448,0.138592751,956705,2024-08-08,"<b>HPSP(403870.KQ) </b><b>실적 우려가 반영된 주가 레벨 </b>• 고압수소어닐링 장비 적용 범위 확장 <b>다소 아쉬운 2분기 실적 </b>- HPSP의 2Q24 매출액과 영업이익은 각각 304억원(-36.6% yoy, -19.5% qoq), 154억원(-42.2% yoy, -23.0% qoq)에 이를 전망임 - 일부 장비 인식 시점이 3분기로 이연되면서 2분기 실적은 부진할 것으로 예상됨 - 다만 하반기부터 주요 고객사들의 CAPEX 증가가 예상되는 바 점진적인 실적 개선세가 나타날 전망 <b>성장 모멘텀은 2025년에 몰려있다 </b>- HPSP는 2025년부터 주요 고객사들의 CAPEX 확대 및 고압수소어닐링 장비의 적용 범위 확장에 따라 성장 모멘텀을 확보할 것으로 예상됨 - 2년 연속 감소했던 상위 5개 고객사의 CAPEX는 2025년 17% 증가하여 턴어라운드 전망함. 따라서 고객사 CAPEX 증가에 따른 동사 실적 개선이 예상됨 - 또한 2025년 양산 예정인 V10 NAND부터 주요 메모리 업체들의 동사 장비를 채택할 가능성 높다는 판단. 현재 한 개의 메모리 업체만이 고압수소어닐링 장비를 NAND에 적용하고 있음. 나머지 2개 업체도 도입 여부를 검토 중이라고 파악됨. 고압수소어닐링 장비의 수요처가 메모리 쪽으로 확산될 것으로 예상되는 바 2025년부터 가파른 실적 성장세 보여줄 전망 <b>투자의견 매수 유지, 목표주가 52,000원으로 하향 </b>- HPSP에 대한 투자의견을 매수로 유지하고 목표주가는 8.8% 하향한 52,000원으로 제시. 이는 2025년 예상 지배순이익에 최근 3년 평균 PER을 적용한 값으로, 단기적인 실적 부진 요인을 반영하여 EPS 추정치를 종전대비 약 9% 하향한데 따른 것임 - 더딘 실적 개선으로 인한 주가 조정은 상당 부분 반영되었다고 생각됨. 지금은 고객사 수요 회복 초입이라는 점에 더욱 주목해야 할 시점이라는 판단. 매수 의견을 유지함 <b>HPSP(403870.KQ) 추정 재무제표 </b><b>Compliance Notice </b>",NULL,신영증권,52000,2024-08-08,57000,2024-08-08,4,4,4,4,55000,57600,58000,52000,55500,1.11132,-0.01124,2024-08-08,8,8,0,1,7,0,-1
294870,HDC현대산업개발,2024-08-08,22100,19250,22500,0.14805,0.168831169,956682,2024-08-08,NULL,NULL,KB증권,33000,2024-08-08,33000,2024-08-08,4,4,4,4,28437.5,24214.28571,33000,25000,28000,0.28676,0,2024-08-08,8,8,0,0,8,0,0
294870,HDC현대산업개발,2024-07-31,23000,22700,24600,0.01322,0.083700441,956682,2024-08-08,NULL,NULL,KB증권,33000,2024-08-08,33000,2024-08-08,4,4,4,4,28437.5,24214.28571,33000,25000,28000,0.28676,0,2024-08-08,8,8,0,0,8,0,0
294870,HDC현대산업개발,2024-07-26,21550,20050,21700,0.07481,0.082294264,956682,2024-08-08,NULL,NULL,KB증권,33000,2024-08-08,33000,2024-08-08,4,4,4,4,28437.5,24214.28571,33000,25000,28000,0.28676,0,2024-08-08,8,8,0,0,8,0,0
6360,GS건설,2024-08-08,18640,16750,18780,0.11284,0.12119403,956684,2024-08-08,NULL,NULL,KB증권,24500,2024-08-08,24500,2024-08-08,3.92857,4,3,4,23928.57143,17343.75,25000,20000,24000,0.28372,0.00346,2024-08-08,14,14,0,0,13,1,0
6360,GS건설,2024-07-26,19210,17570,19300,0.09334,0.09846329,956684,2024-08-08,NULL,NULL,KB증권,24500,2024-08-08,24500,2024-08-08,3.92857,4,3,4,23928.57143,17343.75,25000,20000,24000,0.28372,0.00346,2024-08-08,14,14,0,0,13,1,0
